tripinfo_arrival;tripinfo_arrivalLane;tripinfo_arrivalPos;tripinfo_arrivalSpeed;tripinfo_depart;tripinfo_departDelay;tripinfo_departLane;tripinfo_departPos;tripinfo_departSpeed;tripinfo_devices;tripinfo_duration;tripinfo_id;tripinfo_rerouteNo;tripinfo_routeLength;tripinfo_speedFactor;tripinfo_stopTime;tripinfo_timeLoss;tripinfo_vType;tripinfo_vaporized;tripinfo_waitingCount;tripinfo_waitingTime;emissions_CO2_abs;emissions_CO_abs;emissions_HC_abs;emissions_NOx_abs;emissions_PMx_abs;emissions_electricity_abs;emissions_fuel_abs
58.00;49217109#1_0;0.20;5.22;40.00;0.00;351440624#4_0;0.20;0.00;tripinfo_8 emissions_8 fcd_8;18.00;8;0;117.70;1.05;0.00;3.22;DEFAULT_VEHTYPE;;0;0.00;37602.321820;908.260490;5.005075;15.607608;0.659744;0;16.163892
105.00;337277984#6_0;117.80;10.25;30.00;0.00;337277951#3_0;0.92;0.00;tripinfo_6 emissions_6 fcd_6;75.00;6;0;722.59;1.03;0.00;6.92;DEFAULT_VEHTYPE;;0;0.00;152270.343378;2347.764059;14.178147;59.349733;2.218783;0;65.455218
123.00;337277970#1_1;79.16;6.87;65.00;0.00;337277970#2_0;0.20;0.00;tripinfo_13 emissions_13 fcd_13;58.00;13;0;391.86;1.09;0.00;13.76;DEFAULT_VEHTYPE;;1;1.00;129491.318517;3158.152201;17.365144;53.406052;2.225877;0;55.663782
129.00;337277951#3_1;0.92;7.91;0.00;0.00;49217116#0_0;5.10;0.00;tripinfo_0 emissions_0 fcd_0;129.00;0;0;894.91;1.06;0.00;34.98;DEFAULT_VEHTYPE;;1;17.00;266236.768272;6564.621255;36.060218;109.899492;4.699162;0;114.445807
131.00;337277951#4_1;36.12;8.39;20.00;0.00;42143918#1_0;5.10;0.00;tripinfo_4 emissions_4 fcd_4;111.00;4;0;715.37;1.01;0.00;30.93;DEFAULT_VEHTYPE;;2;12.00;208890.705908;4752.283041;26.478765;86.272204;3.646086;0;89.794445
148.00;42201285#1_0;31.78;8.46;25.00;0.00;351440624#4_0;0.20;0.00;tripinfo_5 emissions_5 fcd_5;123.00;5;0;684.77;1.08;0.00;53.75;DEFAULT_VEHTYPE;;1;40.00;276587.067333;9381.202682;49.149611;117.266243;5.396044;0;118.896466
183.00;337277970#0_0;0.20;6.84;15.00;0.00;554582106#1_0;5.10;0.00;tripinfo_3 emissions_3 fcd_3;168.00;3;0;445.03;0.94;0.00;110.17;DEFAULT_VEHTYPE;;3;92.00;340580.739373;16105.045016;81.258900;149.674500;7.412218;0;146.408112
200.00;337277957#0_0;98.10;7.77;100.00;0.00;49222369#3_0;5.10;0.00;tripinfo_20 emissions_20 fcd_20;100.00;20;0;546.90;0.99;0.00;26.01;DEFAULT_VEHTYPE;;2;11.00;173394.327533;4793.667375;25.797006;71.305975;2.935199;0;74.536691
203.00;337277951#0_1;0.20;3.90;45.00;0.00;492471759#3_0;5.10;0.00;tripinfo_9 emissions_9 fcd_9;158.00;9;0;629.48;0.89;0.00;75.05;DEFAULT_VEHTYPE;;2;55.00;296604.352902;11937.154466;61.221253;127.431446;5.959946;0;127.502578
215.00;337277981#4_0;0.20;7.08;55.00;0.00;42141326#3_0;5.10;0.00;tripinfo_11 emissions_11 fcd_11;160.00;11;0;776.83;0.86;0.00;69.55;DEFAULT_VEHTYPE;;4;42.00;300231.456632;9504.913871;50.202672;125.481480;5.484880;0;129.060404
234.00;49217108#3_0;11.69;8.17;95.00;0.00;542429228_0;5.10;0.00;tripinfo_19 emissions_19 fcd_19;139.00;19;0;873.26;1.12;0.00;38.51;DEFAULT_VEHTYPE;;2;21.00;264432.477098;7322.299981;39.445707;109.612502;4.697117;0;113.670819
240.00;40668087#5_0;84.58;7.25;115.00;0.00;337277973#0_0;1.31;0.00;tripinfo_23 emissions_23 fcd_23;125.00;23;0;621.31;0.93;0.00;50.37;DEFAULT_VEHTYPE;;2;33.00;248484.788131;8393.308160;43.949317;104.352595;4.625713;0;106.816405
242.00;492443336#1_0;100.99;7.38;50.00;0.00;492471759#3_0;5.10;0.00;tripinfo_10 emissions_10 fcd_10;192.00;10;0;750.26;0.94;0.00;97.38;DEFAULT_VEHTYPE;;4;72.00;363996.190215;14035.275555;72.361838;156.686385;7.357649;0;156.472001
243.00;337277957#1_0;0.20;9.13;220.00;0.00;337277970#1_0;5.10;0.00;tripinfo_44 emissions_44 fcd_44;23.00;44;0;191.23;1.18;0.00;3.41;DEFAULT_VEHTYPE;;0;0.00;52431.572636;1040.613370;5.939997;20.979456;0.819011;0;22.538430
255.00;554582106#7_0;20.54;6.83;130.00;0.00;40668087#4_0;5.10;0.00;tripinfo_26 emissions_26 fcd_26;125.00;26;0;532.72;0.94;0.00;61.89;DEFAULT_VEHTYPE;;2;48.00;256664.965699;9784.716470;50.517233;110.262137;5.173744;0;110.333184
275.00;45429543#6_0;0.20;6.43;35.00;0.00;49217116#2_0;5.10;0.00;tripinfo_7 emissions_7 fcd_7;240.00;7;0;1062.77;0.83;0.00;98.98;DEFAULT_VEHTYPE;;3;68.00;450816.930270;16679.568959;86.382917;192.398043;8.829143;0;193.793674
275.00;42143912#3_0;44.91;6.66;185.00;0.00;49217119#0_0;0.20;0.00;tripinfo_37 emissions_37 fcd_37;90.00;37;0;640.78;0.87;0.00;11.62;DEFAULT_VEHTYPE;;0;0.00;169579.913340;3673.514376;20.605814;68.285780;2.677079;0;72.896445
283.00;337277951#4_1;36.12;7.94;165.00;0.00;351440624#5_0;5.10;0.00;tripinfo_33 emissions_33 fcd_33;118.00;33;0;815.53;1.01;0.00;25.28;DEFAULT_VEHTYPE;;2;3.00;237606.984893;5062.078665;28.533062;97.134148;3.984884;0;102.138467
284.00;42141326#7_0;0.20;4.86;120.00;0.00;49217110#3_0;0.20;0.00;tripinfo_24 emissions_24 fcd_24;164.00;24;0;769.30;0.88;0.00;68.88;DEFAULT_VEHTYPE;;2;49.00;294068.028714;10761.688475;55.783381;124.256403;5.595703;0;126.411844
288.00;337277984#8_0;158.41;9.46;125.00;0.00;42141326#8_0;5.10;0.00;tripinfo_25 emissions_25 fcd_25;163.00;25;0;825.89;0.94;0.00;79.49;DEFAULT_VEHTYPE;;3;57.00;336192.382078;11709.134876;61.152371;143.645641;6.705014;0;144.519020
312.00;45429543#4_0;75.60;8.77;240.00;0.00;604749601#1_0;5.10;0.00;tripinfo_48 emissions_48 fcd_48;72.00;48;0;518.04;1.17;0.00;18.17;DEFAULT_VEHTYPE;;1;4.00;136872.795006;2903.714911;16.376303;55.725537;2.267988;0;58.836596
365.00;49217104#1_1;20.12;8.60;85.00;0.00;42141326#9_0;5.10;0.00;tripinfo_17 emissions_17 fcd_17;280.00;17;0;815.50;1.05;0.00;202.73;DEFAULT_VEHTYPE;;7;162.00;635217.875568;27818.382706;141.547773;279.137195;13.922313;0;273.064107
366.00;542429228_0;102.32;4.99;245.00;0.00;567060339#2_0;0.20;0.00;tripinfo_49 emissions_49 fcd_49;121.00;49;0;547.74;0.99;0.00;47.68;DEFAULT_VEHTYPE;;2;33.00;210687.402288;7546.892979;39.231929;89.411682;4.044858;0;90.568571
381.00;42141326#15_0;77.72;10.63;310.00;0.00;1053072563_0;5.10;0.00;tripinfo_62 emissions_62 fcd_62;71.00;62;0;294.00;1.04;0.00;41.44;DEFAULT_VEHTYPE;;1;32.00;155783.818781;6375.809027;32.679216;67.968588;3.336878;0;66.967261
386.00;45429543#4_0;75.60;7.99;305.00;0.00;492471758#0_0;5.10;0.00;tripinfo_61 emissions_61 fcd_61;81.00;61;0;400.32;1.04;0.00;28.15;DEFAULT_VEHTYPE;;1;20.00;142673.735128;4672.117260;24.560754;59.797982;2.620620;0;61.331218
389.00;567060339#2_0;0.20;7.31;80.00;0.00;45429543#3_0;5.10;0.00;tripinfo_16 emissions_16 fcd_16;309.00;16;0;955.89;1.03;0.00;199.07;DEFAULT_VEHTYPE;;6;166.00;632426.592589;28250.363382;143.369763;276.556524;13.574916;0;271.865065
402.00;42143918#10_1;7.92;11.08;230.00;0.00;492471759#0_0;0.20;0.00;tripinfo_46 emissions_46 fcd_46;172.00;46;0;880.73;1.01;0.00;78.43;DEFAULT_VEHTYPE;;3;54.00;355884.743289;12028.500172;63.051423;151.363777;6.974458;0;152.984040
410.00;554582106#11_0;237.48;9.16;205.00;0.00;49217108#1_0;0.10;0.00;tripinfo_41 emissions_41 fcd_41;205.00;41;0;1022.98;1.13;0.00;100.67;DEFAULT_VEHTYPE;;4;66.00;431764.566694;14708.725918;77.037293;184.447611;8.571324;0;185.602392
412.00;42143912#1_0;39.80;8.37;145.00;0.00;337277984#2_0;5.10;0.00;tripinfo_29 emissions_29 fcd_29;267.00;29;0;1012.01;1.16;0.00;179.70;DEFAULT_VEHTYPE;;5;144.00;640348.320974;25710.039644;132.074699;278.569054;13.666813;0;275.268168
413.00;42143918#4_0;41.27;9.90;190.00;0.00;554582106#4_0;5.10;0.00;tripinfo_38 emissions_38 fcd_38;223.00;38;0;793.93;0.92;0.00;136.34;DEFAULT_VEHTYPE;;4;107.00;488435.218455;20351.377568;104.048068;211.949004;10.246003;0;209.965736
416.00;42143918#12_0;103.20;11.82;265.00;0.00;337277973#2_0;0.20;0.00;tripinfo_53 emissions_53 fcd_53;151.00;53;0;905.14;1.10;0.00;69.97;DEFAULT_VEHTYPE;;2;49.00;337162.577607;10985.757992;57.896341;142.951204;6.639484;0;144.935619
417.00;351440624#6_0;94.39;9.93;195.00;0.00;40668087#4_0;5.10;0.00;tripinfo_39 emissions_39 fcd_39;222.00;39;0;639.30;0.95;0.00;143.43;DEFAULT_VEHTYPE;;5;120.00;458393.651704;21020.837497;106.391417;200.978178;9.907526;0;197.052819
417.00;337277984#3_0;29.42;11.42;280.00;0.00;42201285#0_0;5.10;0.00;tripinfo_56 emissions_56 fcd_56;137.00;56;0;744.02;1.03;0.00;61.27;DEFAULT_VEHTYPE;;3;39.00;300504.556174;8827.649691;47.205906;127.102895;5.774310;0;129.176815
418.00;42141326#13_1;91.65;7.90;180.00;0.00;553352498#2_0;5.10;0.00;tripinfo_36 emissions_36 fcd_36;238.00;36;0;854.75;0.83;0.00;129.47;DEFAULT_VEHTYPE;;4;102.00;455465.816340;19035.144077;97.275373;197.923192;9.536481;0;195.793074
424.00;49217116#1_0;33.50;8.75;227.00;2.00;337277973#2_0;0.20;0.00;tripinfo_45 emissions_45 fcd_45;197.00;45;0;815.71;1.15;0.00;124.94;DEFAULT_VEHTYPE;;5;92.00;430703.473191;15777.157655;81.937683;186.409464;8.998687;0;185.146570
426.00;554582106#6_0;1.23;8.95;315.00;0.00;337277951#2_0;5.10;0.00;tripinfo_63 emissions_63 fcd_63;111.00;63;0;580.62;1.09;0.00;55.38;DEFAULT_VEHTYPE;;1;45.00;253796.600456;8930.073372;46.586026;108.417143;5.098667;0;109.099594
432.00;45429543#5_0;21.13;8.69;300.00;0.00;492471412#1_0;5.10;0.00;tripinfo_60 emissions_60 fcd_60;132.00;60;0;822.09;1.09;0.00;43.01;DEFAULT_VEHTYPE;;2;25.00;268853.994745;7205.706665;39.022743;111.176986;4.756796;0;115.571323
443.00;492443337#3_0;247.77;7.92;250.00;0.00;337277951#0_0;0.20;0.00;tripinfo_50 emissions_50 fcd_50;193.00;50;0;1228.27;1.02;0.00;54.16;DEFAULT_VEHTYPE;;1;35.00;368289.429825;10889.760640;58.063978;152.238587;6.512199;0;158.316166
451.00;542428844#0_0;0.20;6.78;320.00;0.00;553352498#2_0;5.10;0.00;tripinfo_64 emissions_64 fcd_64;131.00;64;0;650.83;1.00;0.00;52.38;DEFAULT_VEHTYPE;;1;37.00;249884.536022;8831.297391;45.975092;105.350009;4.711144;0;107.418357
453.00;554582106#9_0;0.20;7.22;175.00;0.00;351440624#2_0;5.10;0.00;tripinfo_35 emissions_35 fcd_35;278.00;35;0;1221.49;0.89;0.00;138.51;DEFAULT_VEHTYPE;;4;110.00;538806.794662;20942.550403;107.828118;229.582986;10.630844;0;231.618906
459.00;45429543#5_0;21.13;7.43;255.00;0.00;49217123_0;5.10;0.00;tripinfo_51 emissions_51 fcd_51;204.00;51;0;962.66;0.97;0.00;90.87;DEFAULT_VEHTYPE;;3;68.00;387400.093073;14194.199550;73.589661;164.237846;7.486026;0;166.532619
512.00;49217117_1;109.03;7.35;150.00;0.00;604749601#0_0;5.10;0.00;tripinfo_30 emissions_30 fcd_30;362.00;30;0;1447.64;1.02;0.00;209.70;DEFAULT_VEHTYPE;;6;165.00;783461.947451;31692.473314;162.556800;338.501858;16.239028;0;336.789645
512.00;49217117_0;109.03;7.45;290.00;0.00;42141326#10_0;5.10;0.00;tripinfo_58 emissions_58 fcd_58;222.00;58;0;693.10;0.96;0.00;153.09;DEFAULT_VEHTYPE;;5;125.00;494811.771749;21126.865304;107.766275;216.311879;10.648865;0;212.706893
513.00;337277957#3_0;107.35;7.15;325.00;0.00;42141326#12_0;5.10;0.00;tripinfo_65 emissions_65 fcd_65;188.00;65;0;755.97;0.90;0.00;89.32;DEFAULT_VEHTYPE;;3;67.00;350975.334896;14009.332132;71.904453;150.340027;6.979039;0;150.875274
513.00;337277981#0_1;0.20;6.41;420.00;0.00;351440624#3_0;5.10;0.00;tripinfo_84 emissions_84 fcd_84;93.00;84;0;648.87;1.14;0.00;32.29;DEFAULT_VEHTYPE;;1;18.00;219282.466260;5706.839679;31.092964;91.569990;4.047924;0;94.261802
514.00;49217117_1;109.03;9.05;260.00;0.00;40668087#4_0;5.10;0.00;tripinfo_52 emissions_52 fcd_52;254.00;52;0;872.00;1.18;0.00;175.22;DEFAULT_VEHTYPE;;5;138.00;588499.553451;24813.813500;126.770980;257.542221;12.737407;0;252.980509
520.00;337277984#5_0;109.49;9.93;435.00;0.00;492471759#3_0;5.10;0.00;tripinfo_87 emissions_87 fcd_87;85.00;87;0;431.47;0.97;0.00;41.08;DEFAULT_VEHTYPE;;1;30.00;191592.779965;6459.059018;33.870416;81.380834;3.753264;0;82.359914
523.00;554582107#0_0;109.31;4.46;270.00;0.00;42143918#3_0;5.10;0.00;tripinfo_54 emissions_54 fcd_54;253.00;54;0;908.29;0.90;0.00;123.43;DEFAULT_VEHTYPE;;4;96.00;474177.463587;19708.535287;100.718862;204.392194;9.630009;0;203.837066
525.00;42143918#6_0;100.35;11.62;445.00;0.00;42143918#1_0;5.10;0.00;tripinfo_89 emissions_89 fcd_89;80.00;89;0;422.65;1.12;0.00;45.38;DEFAULT_VEHTYPE;;1;36.00;203460.991155;7265.790040;37.844348;86.997514;4.142011;0;87.461852
536.00;337277970#2_1;0.20;8.18;455.00;0.00;567060342#1_0;5.10;0.00;tripinfo_91 emissions_91 fcd_91;81.00;91;0;358.27;1.02;0.00;37.42;DEFAULT_VEHTYPE;;1;26.00;163764.855496;5849.501411;30.427836;69.661098;3.181523;0;70.397828
543.00;554582106#9_0;0.20;6.27;330.00;0.00;553352498#2_0;5.10;0.00;tripinfo_66 emissions_66 fcd_66;213.00;66;0;888.81;0.88;0.00;102.43;DEFAULT_VEHTYPE;;4;79.00;417374.750975;16686.483374;85.649547;179.203327;8.392350;0;179.418576
552.00;554582106#5_0;0.21;6.71;480.00;0.00;40668087#1_0;5.10;0.00;tripinfo_96 emissions_96 fcd_96;72.00;96;0;401.34;0.88;0.00;16.58;DEFAULT_VEHTYPE;;1;7.00;112308.213162;2984.490554;16.155936;45.987482;1.861987;0;48.277670
556.00;40668087#3_0;100.10;7.94;170.00;0.00;42141326#13_0;5.10;0.00;tripinfo_34 emissions_34 fcd_34;386.00;34;0;1280.82;0.98;0.00;231.47;DEFAULT_VEHTYPE;;7;180.00;775184.627292;33141.481395;168.946847;337.382075;16.330531;0;333.232488
560.00;42143918#12_0;103.20;10.81;440.00;0.00;337277970#2_0;0.20;0.00;tripinfo_88 emissions_88 fcd_88;120.00;88;0;1112.23;1.08;0.00;17.73;DEFAULT_VEHTYPE;;1;1.00;234516.898686;3959.637558;23.450824;93.664465;3.740270;0;100.809661
561.00;42143918#9_0;96.11;8.54;335.00;0.00;337277970#0_0;0.20;0.00;tripinfo_67 emissions_67 fcd_67;226.00;67;0;1075.56;0.85;0.00;95.73;DEFAULT_VEHTYPE;;2;74.00;401696.499894;15572.642773;80.197422;171.121786;7.896783;0;172.678781
563.00;337277984#8_0;158.41;12.77;360.00;0.00;42143918#1_0;5.10;0.00;tripinfo_72 emissions_72 fcd_72;203.00;72;0;1262.35;1.17;0.00;99.60;DEFAULT_VEHTYPE;;4;72.00;471164.156552;14087.197633;75.173348;198.497666;9.167579;0;202.537840
577.00;492471412#1_0;9.43;7.99;555.00;0.00;45429543#4_0;5.10;0.00;tripinfo_111 emissions_111 fcd_111;22.00;111;0;154.30;1.01;0.00;3.45;DEFAULT_VEHTYPE;;0;0.00;57203.392341;1288.793204;7.190218;23.604784;0.984035;0;24.589642
597.00;42141326#13_1;91.65;11.23;370.00;0.00;351440624#1_0;5.10;0.00;tripinfo_74 emissions_74 fcd_74;227.00;74;0;1304.87;1.02;0.00;102.16;DEFAULT_VEHTYPE;;2;82.00;508948.152133;17699.508870;92.425197;215.289133;9.930382;0;218.781935
624.00;492443337#3_0;247.77;8.17;542.00;2.00;45429543#6_0;0.20;0.00;tripinfo_108 emissions_108 fcd_108;82.00;108;0;593.04;0.98;0.00;9.24;DEFAULT_VEHTYPE;;0;0.00;136624.795459;3003.300364;16.780998;54.505037;2.068534;0;58.730364
630.00;42201285#2_0;97.71;7.17;215.00;0.00;604749601#1_0;5.10;0.00;tripinfo_43 emissions_43 fcd_43;415.00;43;0;1531.16;0.93;0.00;240.09;DEFAULT_VEHTYPE;;7;198.00;864881.664668;35759.221933;182.897282;372.578988;17.697679;0;371.790807
632.00;42143918#10_0;7.92;10.23;530.00;0.00;42143918#4_0;5.10;0.00;tripinfo_106 emissions_106 fcd_106;102.00;106;0;553.31;0.96;0.00;49.00;DEFAULT_VEHTYPE;;1;39.00;223269.902990;8085.648344;42.003192;94.574252;4.380672;0;95.977446
642.00;42141326#10_0;28.82;10.36;545.00;0.00;337277984#0_0;5.10;0.00;tripinfo_109 emissions_109 fcd_109;97.00;109;0;545.64;1.03;0.00;45.48;DEFAULT_VEHTYPE;;2;31.00;218623.286711;6706.278072;35.642945;92.687024;4.264720;0;93.978973
647.00;49217108#2_0;87.61;8.11;425.00;0.00;554582106#7_0;5.10;0.00;tripinfo_85 emissions_85 fcd_85;222.00;85;0;782.27;1.02;0.00;138.71;DEFAULT_VEHTYPE;;5;107.00;445263.425310;18354.477903;93.950672;193.180606;9.321748;0;191.407143
648.00;49217109#1_0;0.20;4.84;390.00;0.00;42141326#2_0;5.10;0.00;tripinfo_78 emissions_78 fcd_78;258.00;78;0;1113.22;1.00;0.00;139.53;DEFAULT_VEHTYPE;;4;106.00;535688.998497;20255.883570;104.699748;229.921155;10.839094;0;230.277759
650.00;604749601#1_0;101.95;7.48;635.00;0.00;604749601#1_0;5.10;0.00;tripinfo_127 emissions_127 fcd_127;15.00;127;0;96.85;1.02;0.00;3.01;DEFAULT_VEHTYPE;;0;0.00;34434.005741;884.197062;4.817884;14.191698;0.589391;0;14.802014
652.00;337277977#1_0;126.81;6.28;345.00;0.00;492471412#2_0;5.10;0.00;tripinfo_69 emissions_69 fcd_69;307.00;69;0;1059.43;0.85;0.00;164.16;DEFAULT_VEHTYPE;;6;130.00;556752.130538;24398.416901;124.007881;241.738046;11.607115;0;239.334493
655.00;542428844#1_0;40.23;7.93;495.00;0.00;604749601#1_0;5.10;0.00;tripinfo_99 emissions_99 fcd_99;160.00;99;0;821.99;1.04;0.00;64.30;DEFAULT_VEHTYPE;;2;41.00;316790.518156;10524.557559;55.235708;133.125744;5.905763;0;136.178890
667.00;553352498#3_0;101.36;5.90;650.00;0.00;553352498#3_0;5.10;0.00;tripinfo_130 emissions_130 fcd_130;17.00;130;0;96.26;0.83;0.00;2.72;DEFAULT_VEHTYPE;;0;0.00;32551.901374;916.963243;4.928365;13.707167;0.596521;0;13.992966
684.00;492471759#1_0;26.01;8.28;525.00;0.00;40668087#4_0;5.10;0.00;tripinfo_105 emissions_105 fcd_105;159.00;105;0;467.82;1.06;0.00;104.45;DEFAULT_VEHTYPE;;3;85.00;333786.678882;14915.848311;75.717539;146.765815;7.286176;0;143.486727
686.00;554582106#6_0;1.23;7.44;500.00;0.00;567060339#2_0;0.20;0.00;tripinfo_100 emissions_100 fcd_100;186.00;100;0;956.45;1.02;0.00;85.19;DEFAULT_VEHTYPE;;4;67.00;363713.796650;12554.358090;65.599547;153.707074;7.005966;0;156.349943
689.00;337277973#2_0;0.20;8.13;585.00;0.00;351440624#6_0;5.10;0.00;tripinfo_117 emissions_117 fcd_117;104.00;117;0;410.42;1.02;0.00;57.36;DEFAULT_VEHTYPE;;2;45.00;218792.960748;8685.767891;44.645296;94.668385;4.522818;0;94.053183
690.00;40668087#5_0;84.58;6.57;475.00;0.00;42143918#1_0;5.10;0.00;tripinfo_95 emissions_95 fcd_95;215.00;95;0;950.62;0.94;0.00;104.97;DEFAULT_VEHTYPE;;4;75.00;450353.932680;16320.031415;84.759881;192.214870;8.870239;0;193.594307
690.00;337277984#0_1;50.00;11.23;505.00;0.00;542428845#0_0;5.10;0.00;tripinfo_101 emissions_101 fcd_101;185.00;101;0;782.66;1.02;0.00;93.86;DEFAULT_VEHTYPE;;3;72.00;387284.613010;14947.655673;77.045596;165.871001;7.746517;0;166.483226
690.00;542428845#1_0;0.20;7.93;565.00;0.00;42201285#0_0;5.10;0.00;tripinfo_113 emissions_113 fcd_113;125.00;113;0;744.71;1.03;0.00;43.48;DEFAULT_VEHTYPE;;1;28.00;249020.833142;7588.914245;40.309348;103.851894;4.547404;0;107.046282
691.00;554582106#2_0;55.58;7.21;405.00;0.00;351440624#5_0;5.10;0.00;tripinfo_81 emissions_81 fcd_81;286.00;81;0;1187.37;1.00;0.00;148.24;DEFAULT_VEHTYPE;;5;115.00;575164.890410;22854.590902;117.403545;246.513418;11.571008;0;247.248384
694.00;337277957#1_0;0.20;6.81;490.00;0.00;45429543#5_0;5.10;0.00;tripinfo_98 emissions_98 fcd_98;204.00;98;0;785.32;0.91;0.00;99.29;DEFAULT_VEHTYPE;;3;76.00;377951.968897;15757.569710;80.501665;162.898393;7.683173;0;162.472163
696.00;337277957#3_0;107.35;6.82;518.00;3.00;42143912#3_0;5.10;0.00;tripinfo_103 emissions_103 fcd_103;178.00;103;0;646.10;0.97;0.00;97.29;DEFAULT_VEHTYPE;;4;71.00;339220.458008;13460.612547;69.160334;146.122634;6.869602;0;145.821896
701.00;542429228_0;102.32;4.65;485.00;0.00;42143918#2_0;5.10;0.00;tripinfo_97 emissions_97 fcd_97;216.00;97;0;751.06;0.91;0.00;110.62;DEFAULT_VEHTYPE;;4;81.00;398284.181475;16693.997223;85.255774;172.595446;8.221152;0;171.212348
704.00;49217108#3_0;11.69;7.54;550.00;0.00;567060339#2_0;0.20;0.00;tripinfo_110 emissions_110 fcd_110;154.00;110;0;436.37;0.98;0.00;100.28;DEFAULT_VEHTYPE;;3;87.00;332111.995954;15724.917793;79.320643;145.459003;7.168931;0;142.767706
717.00;42143912#3_0;44.91;7.44;615.00;0.00;351440624#7_0;5.10;0.00;tripinfo_123 emissions_123 fcd_123;102.00;123;0;698.05;1.04;0.00;31.86;DEFAULT_VEHTYPE;;2;13.00;227662.595347;5405.717282;29.895753;93.913305;4.014819;0;97.863961
722.00;49217109#0_0;0.20;5.35;560.00;0.00;337277957#2_0;5.10;0.00;tripinfo_112 emissions_112 fcd_112;162.00;112;0;536.17;1.09;0.00;103.81;DEFAULT_VEHTYPE;;4;79.00;338350.721973;14036.628962;71.818932;147.843660;7.217560;0;145.448011
727.00;337277957#5_0;116.08;6.88;410.00;0.00;542429228_0;5.10;0.00;tripinfo_82 emissions_82 fcd_82;317.00;82;0;1325.07;0.90;0.00;132.06;DEFAULT_VEHTYPE;;5;96.00;552504.928185;21412.754597;110.230883;234.964342;10.680769;0;237.507556
730.00;351440624#7_0;57.36;10.96;465.00;0.00;542429228_0;5.10;0.00;tripinfo_93 emissions_93 fcd_93;265.00;93;0;1148.92;0.99;0.00;122.57;DEFAULT_VEHTYPE;;5;81.00;530252.632360;18847.557662;98.118455;226.175440;10.384509;0;227.940229
734.00;49217119#1_0;35.72;8.15;375.00;0.00;604749601#1_0;5.10;0.00;tripinfo_75 emissions_75 fcd_75;359.00;75;0;1204.17;1.10;0.00;230.60;DEFAULT_VEHTYPE;;6;189.00;799790.939536;34851.803645;177.355900;349.297032;17.148028;0;343.810309
736.00;337277973#2_1;0.20;7.13;685.00;0.00;337277981#2_0;5.10;0.00;tripinfo_137 emissions_137 fcd_137;51.00;137;0;326.13;0.91;0.00;6.57;DEFAULT_VEHTYPE;;0;0.00;95978.352699;2395.952409;13.112277;39.447083;1.614792;0;41.257823
753.00;337277981#4_0;0.20;7.27;655.00;0.00;42141326#8_0;5.10;0.00;tripinfo_131 emissions_131 fcd_131;98.00;131;0;543.10;0.92;0.00;36.82;DEFAULT_VEHTYPE;;1;27.00;198426.769423;6575.310400;34.517310;82.990135;3.665003;0;85.297866
781.00;554582106#7_0;20.54;7.93;605.00;0.00;45429543#0_0;5.10;0.00;tripinfo_121 emissions_121 fcd_121;176.00;121;0;655.81;0.98;0.00;96.99;DEFAULT_VEHTYPE;;3;80.00;360530.565538;15300.392192;78.038136;155.980490;7.462195;0;154.983189
792.00;42141326#11_1;100.60;11.08;620.00;0.00;49217119#2_0;0.20;0.00;tripinfo_124 emissions_124 fcd_124;172.00;124;0;876.63;1.01;0.00;86.06;DEFAULT_VEHTYPE;;3;66.00;375353.437408;13303.050104;69.349791;161.273103;7.649360;0;161.353147
795.00;42141326#11_1;100.60;10.88;675.00;0.00;492471759#5_0;5.10;0.00;tripinfo_135 emissions_135 fcd_135;120.00;135;0;473.39;1.06;0.00;70.63;DEFAULT_VEHTYPE;;2;55.00;267618.822317;10717.980370;55.052981;116.049076;5.614044;0;115.042086
796.00;554582106#7_0;20.54;6.32;645.00;0.00;40668087#4_0;5.10;0.00;tripinfo_129 emissions_129 fcd_129;151.00;129;0;532.72;0.89;0.00;85.40;DEFAULT_VEHTYPE;;3;63.00;292575.605089;12232.680304;62.508608;127.094185;6.119867;0;125.770764
825.00;49217109#0_0;0.20;5.87;600.00;0.00;42143918#0_0;5.10;0.00;tripinfo_120 emissions_120 fcd_120;225.00;120;0;967.24;1.15;0.00;130.66;DEFAULT_VEHTYPE;;4;103.00;486330.673063;19142.683414;98.496473;209.377843;10.001807;0;209.060431
828.00;45429543#6_0;0.20;6.53;750.00;0.00;554582106#2_0;5.10;0.00;tripinfo_150 emissions_150 fcd_150;78.00;150;0;273.55;0.89;0.00;40.33;DEFAULT_VEHTYPE;;1;32.00;157771.288859;6469.138234;33.119886;68.294323;3.246448;0;67.821801
832.00;567060342#0_0;27.51;6.63;520.00;0.00;42141326#9_0;5.10;0.00;tripinfo_104 emissions_104 fcd_104;312.00;104;0;1082.63;0.94;0.00;184.81;DEFAULT_VEHTYPE;;6;149.00;638466.010524;27163.811899;138.559029;277.813258;13.476666;0;274.460444
836.00;337277970#1_0;79.16;8.83;715.00;0.00;542428845#0_0;5.10;0.00;tripinfo_143 emissions_143 fcd_143;121.00;143;0;521.04;1.07;0.00;60.97;DEFAULT_VEHTYPE;;2;45.00;236003.978871;8971.825349;46.318612;100.740565;4.662011;0;101.451723
842.00;492443337#2_0;113.32;7.88;610.00;0.00;351440624#1_0;5.10;0.00;tripinfo_122 emissions_122 fcd_122;232.00;122;0;1226.15;1.00;0.00;86.98;DEFAULT_VEHTYPE;;4;55.00;427459.409353;13654.850628;72.054711;179.404621;7.936571;0;183.751763
848.00;337277951#0_1;0.20;5.29;670.00;0.00;49217116#2_0;5.10;0.00;tripinfo_134 emissions_134 fcd_134;178.00;134;0;832.17;1.09;0.00;89.37;DEFAULT_VEHTYPE;;3;55.00;378042.057590;12695.831029;66.622077;161.634512;7.500828;0;162.508560
855.00;337277977#1_0;126.81;8.27;760.00;0.00;337277981#4_0;0.20;0.00;tripinfo_152 emissions_152 fcd_152;95.00;152;0;562.53;1.07;0.00;31.24;DEFAULT_VEHTYPE;;2;21.00;173679.476387;5173.627900;27.560422;72.108531;3.106860;0;74.659372
857.00;554582106#0_0;0.20;5.03;785.00;0.00;492471758#0_0;5.10;0.00;tripinfo_157 emissions_157 fcd_157;72.00;157;0;100.85;0.96;0.00;52.58;DEFAULT_VEHTYPE;;1;48.00;164087.442364;9138.029009;45.442215;73.853045;3.855869;0;70.538310
878.00;542429228_0;102.32;4.89;772.00;2.00;492471759#1_0;5.10;0.00;tripinfo_154 emissions_154 fcd_154;106.00;154;0;537.37;1.03;0.00;36.27;DEFAULT_VEHTYPE;;1;22.00;178618.562412;5901.905285;30.978623;74.562452;3.236671;0;76.782950
892.00;554582106#6_0;1.23;6.62;795.00;0.00;337277984#0_0;5.10;0.00;tripinfo_159 emissions_159 fcd_159;97.00;159;0;402.56;0.93;0.00;54.39;DEFAULT_VEHTYPE;;1;45.00;214915.118831;8857.099930;45.333987;92.922857;4.469355;0;92.386466
903.00;351440624#6_0;94.39;6.09;590.00;0.00;554582106#0_0;0.20;0.00;tripinfo_118 emissions_118 fcd_118;313.00;118;0;870.29;0.97;0.00;207.02;DEFAULT_VEHTYPE;;7;167.00;632788.883398;28496.126042;144.505649;277.610242;13.682212;0;272.020823
903.00;554582106#8_0;0.20;6.85;680.00;0.00;49217119#1_0;5.10;0.00;tripinfo_136 emissions_136 fcd_136;223.00;136;0;1132.00;1.01;0.00;105.90;DEFAULT_VEHTYPE;;5;69.00;454657.077246;14827.905299;78.092183;192.856644;8.811848;0;195.442943
905.00;49217104#1_1;20.12;9.31;690.00;0.00;337277973#1_0;5.10;0.00;tripinfo_138 emissions_138 fcd_138;215.00;138;0;940.72;1.12;0.00;127.69;DEFAULT_VEHTYPE;;4;98.00;505069.359742;18944.635133;98.083807;218.133863;10.505442;0;217.114713
905.00;42141326#12_1;100.79;9.89;845.00;0.00;42143918#5_0;5.10;0.00;tripinfo_169 emissions_169 fcd_169;60.00;169;0;488.25;0.99;0.00;10.79;DEFAULT_VEHTYPE;;0;0.00;127392.570860;2509.858463;14.392597;52.464397;2.218756;0;54.761076
908.00;492471412#1_0;9.43;7.85;625.00;0.00;42141326#14_0;5.10;0.00;tripinfo_125 emissions_125 fcd_125;283.00;125;0;1353.58;1.02;0.00;144.27;DEFAULT_VEHTYPE;;5;109.00;586587.289221;21600.499709;111.988959;250.096344;11.659711;0;252.157371
909.00;567060339#2_1;0.20;6.12;800.00;0.00;553352498#0_0;5.10;0.00;tripinfo_160 emissions_160 fcd_160;109.00;160;0;668.89;0.87;0.00;15.36;DEFAULT_VEHTYPE;;0;0.00;168290.525746;4357.397530;23.671641;68.351730;2.697587;0;72.342695
923.00;567060339#0_0;43.85;7.82;570.00;0.00;337277984#1_0;5.10;0.00;tripinfo_114 emissions_114 fcd_114;353.00;114;0;1071.67;1.00;0.00;229.49;DEFAULT_VEHTYPE;;7;187.00;742865.056383;33011.223560;167.638195;325.424360;16.016688;0;319.339650
926.00;492471758#1_0;49.39;5.23;725.00;0.00;1053072563_0;5.10;0.00;tripinfo_145 emissions_145 fcd_145;201.00;145;0;1073.82;0.97;0.00;68.86;DEFAULT_VEHTYPE;;2;38.00;384045.479276;12010.322014;63.522532;159.828232;6.892994;0;165.089562
933.00;337277973#0_1;1.31;5.17;830.00;0.00;492471759#0_0;0.20;0.00;tripinfo_166 emissions_166 fcd_166;103.00;166;0;424.59;0.92;0.00;46.72;DEFAULT_VEHTYPE;;1;35.00;195076.798627;7880.422072;40.395316;83.757730;3.907835;0;83.858536
950.00;554582106#0_0;0.20;5.37;805.00;0.00;492471759#4_0;5.10;0.00;tripinfo_161 emissions_161 fcd_161;145.00;161;0;870.23;1.10;0.00;51.26;DEFAULT_VEHTYPE;;2;17.00;302915.054921;7478.313581;41.090149;126.245464;5.477888;0;130.212280
958.00;337277984#5_0;109.49;11.47;855.00;0.00;337277951#3_0;0.92;0.00;tripinfo_171 emissions_171 fcd_171;103.00;171;0;604.69;1.07;0.00;47.05;DEFAULT_VEHTYPE;;1;37.00;236585.376585;7989.820198;41.897475;100.289209;4.658597;0;101.700877
959.00;40668087#5_0;84.58;7.24;720.00;0.00;42143918#1_0;5.10;0.00;tripinfo_144 emissions_144 fcd_144;239.00;144;0;950.62;0.96;0.00;130.98;DEFAULT_VEHTYPE;;4;99.00;486461.209578;19696.115635;101.019442;211.004063;10.143427;0;209.116732
960.00;554582106#2_0;55.58;8.35;710.00;0.00;42143920#0_0;5.10;0.00;tripinfo_142 emissions_142 fcd_142;250.00;142;0;1225.64;1.10;0.00;118.90;DEFAULT_VEHTYPE;;4;66.00;529663.080105;17122.054166;90.288673;225.267933;10.300374;0;227.685469
977.00;42143912#4_0;0.20;8.52;870.00;0.00;49217116#0_0;5.10;0.00;tripinfo_174 emissions_174 fcd_174;107.00;174;0;590.64;1.10;0.00;50.84;DEFAULT_VEHTYPE;;1;39.00;249371.662391;8736.987908;45.579626;105.672430;4.879084;0;107.197614
996.00;45429543#5_0;21.13;7.69;875.00;0.00;567060342#0_0;5.10;0.00;tripinfo_175 emissions_175 fcd_175;121.00;175;0;634.36;1.03;0.00;53.41;DEFAULT_VEHTYPE;;1;41.00;238697.593498;8582.551871;44.613521;101.204408;4.645288;0;102.609346
998.00;542429228_0;102.32;5.83;835.00;0.00;553352498#1_0;5.10;0.00;tripinfo_167 emissions_167 fcd_167;163.00;167;0;980.80;1.18;0.00;56.30;DEFAULT_VEHTYPE;;2;28.00;299594.120469;8964.491118;47.726713;124.598571;5.384848;0;128.786127
1003.00;337277970#2_0;0.20;7.81;780.00;0.00;40668087#1_0;5.10;0.00;tripinfo_156 emissions_156 fcd_156;223.00;156;0;660.16;1.06;0.00;148.27;DEFAULT_VEHTYPE;;4;124.00;465683.787000;21169.214610;107.259115;204.524580;10.140544;0;200.186419
1005.00;40668087#5_0;84.58;7.80;865.00;0.00;567060339#2_0;0.20;0.00;tripinfo_173 emissions_173 fcd_173;140.00;173;0;639.09;0.94;0.00;57.38;DEFAULT_VEHTYPE;;2;43.00;266771.581954;9620.043652;49.947669;112.574549;5.026435;0;114.677780
1006.00;492471759#7_0;173.79;7.23;840.00;0.00;351440624#4_0;0.20;0.00;tripinfo_168 emissions_168 fcd_168;166.00;168;0;1063.00;1.00;0.00;59.63;DEFAULT_VEHTYPE;;1;44.00;342695.782494;10747.046152;56.867780;142.964217;6.339397;0;147.314404
1012.00;554582106#11_0;237.48;8.34;765.00;0.00;42141326#12_0;5.10;0.00;tripinfo_153 emissions_153 fcd_153;247.00;153;0;989.93;1.01;0.00;147.02;DEFAULT_VEHTYPE;;4;122.00;532766.101670;22057.613209;112.882253;231.672381;11.297079;0;229.022168
1032.00;492443337#1_0;110.61;9.22;915.00;0.00;40668087#2_0;5.10;0.00;tripinfo_183 emissions_183 fcd_183;117.00;183;0;559.32;1.12;0.00;56.24;DEFAULT_VEHTYPE;;2;41.00;245642.608238;8696.520750;45.308559;104.751738;4.849460;0;105.594573
1040.00;42143918#12_0;103.20;10.21;895.00;0.00;337277973#1_0;5.10;0.00;tripinfo_179 emissions_179 fcd_179;145.00;179;0;978.77;1.03;0.00;49.40;DEFAULT_VEHTYPE;;1;37.00;313755.044350;9053.038306;48.471250;129.198387;5.588203;0;134.873356
1053.00;49217102_0;98.88;7.76;735.00;0.00;492468579_0;5.10;0.00;tripinfo_147 emissions_147 fcd_147;318.00;147;0;1080.31;0.95;0.00;180.16;DEFAULT_VEHTYPE;;6;143.00;610397.257675;25994.807958;132.517923;264.026098;12.583441;0;262.394838
1060.00;42143918#5_0;51.02;9.62;995.00;0.00;49217116#2_0;5.10;0.00;tripinfo_199 emissions_199 fcd_199;65.00;199;0;514.84;0.95;0.00;8.09;DEFAULT_VEHTYPE;;0;0.00;124121.271792;2483.410985;14.155837;49.854600;1.961708;0;53.355208
1062.00;337277973#2_1;0.20;7.69;880.00;0.00;554582106#8_0;0.20;0.00;tripinfo_176 emissions_176 fcd_176;182.00;176;0;845.49;1.02;0.00;89.90;DEFAULT_VEHTYPE;;3;69.00;385427.336737;14462.105689;74.822444;165.412350;7.789552;0;165.684375
1062.00;42141326#16_1;15.63;9.89;940.00;0.00;49217119#1_0;5.10;0.00;tripinfo_188 emissions_188 fcd_188;122.00;188;0;464.16;0.96;0.00;69.69;DEFAULT_VEHTYPE;;2;54.00;256050.041886;10283.616188;52.790396;110.871749;5.315844;0;110.069069
1065.00;554582106#11_0;237.48;8.53;1005.00;0.00;42143918#7_0;5.10;0.00;tripinfo_201 emissions_201 fcd_201;60.00;201;0;344.59;1.11;0.00;24.74;DEFAULT_VEHTYPE;;1;17.00;134461.952156;4088.389779;21.748402;56.846946;2.581912;0;57.800799
1067.00;492443337#3_0;247.77;7.96;925.00;0.00;45429543#3_0;5.10;0.00;tripinfo_185 emissions_185 fcd_185;142.00;185;0;796.13;1.03;0.00;48.62;DEFAULT_VEHTYPE;;2;29.00;251509.183661;7816.576880;41.394049;105.045020;4.584387;0;108.116067
1069.00;554582106#6_0;1.23;7.41;815.00;0.00;42141326#16_0;5.10;0.00;tripinfo_163 emissions_163 fcd_163;254.00;163;0;1079.59;1.01;0.00;143.05;DEFAULT_VEHTYPE;;5;112.00;484312.939676;19289.064807;99.087539;207.923302;9.855627;0;208.193406
1069.00;337277984#3_0;29.42;11.29;887.00;2.00;567060339#2_0;0.20;0.00;tripinfo_177 emissions_177 fcd_177;182.00;177;0;764.41;1.06;0.00;103.77;DEFAULT_VEHTYPE;;4;87.00;402391.355938;16253.153963;83.391298;174.044178;8.388069;0;172.977359
1091.00;42143918#10_0;7.92;11.84;965.00;0.00;337277981#1_0;5.10;0.00;tripinfo_193 emissions_193 fcd_193;126.00;193;0;1179.21;1.12;0.00;15.52;DEFAULT_VEHTYPE;;0;0.00;269149.025705;4360.990256;26.065273;106.892294;4.195104;0;115.696650
1092.00;42141326#10_0;28.82;11.07;960.00;0.00;42143912#4_0;0.20;0.00;tripinfo_192 emissions_192 fcd_192;132.00;192;0;607.02;1.01;0.00;72.30;DEFAULT_VEHTYPE;;3;50.00;290511.411061;9691.620397;50.893873;123.474781;5.690434;0;124.881933
1094.00;40668087#3_0;100.10;8.75;825.00;0.00;492471759#4_0;5.10;0.00;tripinfo_165 emissions_165 fcd_165;269.00;165;0;1085.12;1.10;0.00;151.20;DEFAULT_VEHTYPE;;5;121.00;567570.071750;21920.128554;113.017834;243.948027;11.543882;0;243.982849
1098.00;49217108#3_0;11.69;6.60;910.00;0.00;42143912#1_0;5.10;0.00;tripinfo_182 emissions_182 fcd_182;188.00;182;0;540.67;0.82;0.00;108.62;DEFAULT_VEHTYPE;;4;88.00;354827.178927;16140.509079;81.705709;154.194837;7.405698;0;152.532246
1137.00;337277984#1_1;43.80;12.09;1010.00;0.00;492471759#1_0;5.10;0.00;tripinfo_202 emissions_202 fcd_202;127.00;202;0;614.87;1.16;0.00;65.66;DEFAULT_VEHTYPE;;2;48.00;285434.250907;9756.418239;51.090161;122.056605;5.720968;0;122.699430
1140.00;542428845#0_0;99.31;8.13;945.00;0.00;42141326#13_0;5.10;0.00;tripinfo_189 emissions_189 fcd_189;195.00;189;0;735.34;1.04;0.00;113.80;DEFAULT_VEHTYPE;;4;86.00;408230.497426;16348.297470;83.966522;177.295642;8.552805;0;175.487218
1146.00;49217116#1_0;33.50;8.33;1050.00;0.00;42143918#0_0;5.10;0.00;tripinfo_210 emissions_210 fcd_210;96.00;210;0;465.56;1.00;0.00;45.06;DEFAULT_VEHTYPE;;1;34.00;222422.064188;8027.799244;41.728593;95.130847;4.438070;0;95.612802
1152.00;42143918#0_0;102.82;12.67;955.00;0.00;42141326#12_0;5.10;0.00;tripinfo_191 emissions_191 fcd_191;197.00;191;0;640.85;1.23;0.00;146.38;DEFAULT_VEHTYPE;;4;117.00;504114.688607;20995.012036;107.458698;221.963481;11.135210;0;216.705116
1159.00;554582106#6_0;1.23;8.17;920.00;0.00;1053072563_0;5.10;0.00;tripinfo_184 emissions_184 fcd_184;239.00;184;0;942.80;1.01;0.00;137.61;DEFAULT_VEHTYPE;;4;114.00;520246.528259;21364.222226;109.390803;224.816128;10.796246;0;223.640530
1164.00;45429543#1_0;100.11;7.65;1015.00;0.00;337277970#0_0;0.20;0.00;tripinfo_203 emissions_203 fcd_203;149.00;203;0;847.62;0.94;0.00;48.62;DEFAULT_VEHTYPE;;1;34.00;289807.423956;9312.547018;49.085477;120.972608;5.297863;0;124.579559
1176.00;492471412#1_0;9.43;9.20;1025.00;0.00;492471759#5_0;5.10;0.00;tripinfo_205 emissions_205 fcd_205;151.00;205;0;747.37;1.13;0.00;79.21;DEFAULT_VEHTYPE;;2;54.00;356578.918635;11915.657692;62.574902;152.072737;7.068036;0;153.282217
1183.00;337277951#3_0;0.92;5.18;1035.00;0.00;351440624#0_0;5.10;0.00;tripinfo_207 emissions_207 fcd_207;148.00;207;0;935.22;0.73;0.00;16.34;DEFAULT_VEHTYPE;;0;0.00;224166.180518;5595.195840;30.561549;90.084444;3.458898;0;96.361882
1184.00;40668087#3_0;100.10;8.48;890.00;0.00;567060339#1_0;5.10;0.00;tripinfo_178 emissions_178 fcd_178;294.00;178;0;919.37;1.15;0.00;185.38;DEFAULT_VEHTYPE;;5;152.00;617826.910384;27536.974858;139.788610;270.305903;13.287327;0;265.588922
1211.00;42143918#10_1;7.92;10.74;1075.00;0.00;337277973#1_0;5.10;0.00;tripinfo_215 emissions_215 fcd_215;136.00;215;0;864.11;1.00;0.00;49.12;DEFAULT_VEHTYPE;;1;37.00;287551.095168;9122.018665;48.210257;120.710483;5.432219;0;123.609309
1221.00;42141326#14_0;100.91;11.49;1155.00;0.00;40668087#5_0;5.10;0.00;tripinfo_231 emissions_231 fcd_231;66.00;231;0;521.15;1.08;0.00;9.56;DEFAULT_VEHTYPE;;0;0.00;138446.067017;2679.726755;15.391216;55.883293;2.236992;0;59.512767
1224.00;492471759#4_0;55.41;8.57;1095.00;0.00;42143918#4_0;5.10;0.00;tripinfo_219 emissions_219 fcd_219;129.00;219;0;824.89;1.12;0.00;53.16;DEFAULT_VEHTYPE;;3;27.00;305859.160156;7725.051282;42.329878;128.616657;5.773491;0;131.477668
1230.00;49217102_0;98.88;8.29;980.00;0.00;42141326#11_0;5.10;0.00;tripinfo_196 emissions_196 fcd_196;250.00;196;0;959.95;1.02;0.00;140.83;DEFAULT_VEHTYPE;;4;114.00;505567.661860;20866.518873;106.771894;218.795664;10.481741;0;217.330530
1230.00;40668087#6_0;8.80;8.09;985.00;0.00;1053072563_0;5.10;0.00;tripinfo_197 emissions_197 fcd_197;245.00;197;0;1075.30;1.00;0.00;123.96;DEFAULT_VEHTYPE;;4;92.00;485597.847461;18131.369326;93.851991;208.304889;9.766842;0;208.744835
1230.00;492471758#0_0;44.88;4.60;1195.00;0.00;542429228_0;5.10;0.00;tripinfo_239 emissions_239 fcd_239;35.00;239;0;153.48;0.94;0.00;5.38;DEFAULT_VEHTYPE;;0;0.00;57235.427351;1973.735275;10.290412;23.863780;1.002541;0;24.603957
1238.00;554582107#0_0;109.31;5.04;1126.00;21.00;49217108#3_0;5.10;0.00;tripinfo_221 emissions_221 fcd_221;112.00;221;0;348.61;1.08;0.00;53.87;DEFAULT_VEHTYPE;;1;43.00;201427.597144;9189.812138;46.497468;87.417203;4.170187;0;86.589271
1258.00;337277957#5_0;116.08;7.93;935.00;0.00;42141326#7_0;0.20;0.00;tripinfo_187 emissions_187 fcd_187;323.00;187;0;1216.48;1.07;0.00;194.81;DEFAULT_VEHTYPE;;6;151.00;668498.172660;27646.679122;141.469568;290.411291;14.045182;0;287.369939
1263.00;337277957#1_0;0.20;6.22;1085.00;0.00;45429543#0_0;5.10;0.00;tripinfo_217 emissions_217 fcd_217;178.00;217;0;971.78;0.93;0.00;57.91;DEFAULT_VEHTYPE;;3;36.00;327056.852337;10157.080296;53.757996;135.491009;5.778823;0;140.591953
1269.00;45429543#6_0;0.20;6.17;1175.00;0.00;42143912#4_0;0.20;0.00;tripinfo_235 emissions_235 fcd_235;94.00;235;0;489.13;0.91;0.00;36.19;DEFAULT_VEHTYPE;;2;19.00;169497.757742;4893.747449;26.201911;70.798622;3.080162;0;72.861564
1269.00;337277984#0_0;50.00;9.93;1240.00;0.00;42143912#4_0;0.20;0.00;tripinfo_248 emissions_248 fcd_248;29.00;248;0;106.28;0.92;0.00;15.48;DEFAULT_VEHTYPE;;1;10.00;68082.409451;2075.436198;11.038754;29.059205;1.330687;0;29.266359
1275.00;542428845#0_0;99.31;8.42;1090.00;0.00;40668087#1_0;5.10;0.00;tripinfo_218 emissions_218 fcd_218;185.00;218;0;671.52;1.06;0.00;108.41;DEFAULT_VEHTYPE;;4;85.00;361914.097697;15020.351487;76.824402;157.203877;7.588559;0;155.577497
1276.00;1053072563_0;100.63;7.45;1065.00;0.00;49217119#0_0;0.20;0.00;tripinfo_213 emissions_213 fcd_213;211.00;213;0;1117.26;1.04;0.00;89.71;DEFAULT_VEHTYPE;;4;56.00;417104.572333;12653.143621;67.261479;174.251059;7.656836;0;179.300119
1278.00;492471758#0_0;44.88;4.44;1070.00;0.00;492471410#1_0;0.20;0.00;tripinfo_214 emissions_214 fcd_214;208.00;214;0;704.51;0.96;0.00;119.43;DEFAULT_VEHTYPE;;4;94.00;425083.372710;18546.174637;94.305305;184.055836;8.822251;0;182.733245
1284.00;45429543#2_0;100.54;9.40;1140.00;0.00;492471412#2_0;5.10;0.00;tripinfo_228 emissions_228 fcd_228;144.00;228;0;1038.46;1.14;0.00;41.05;DEFAULT_VEHTYPE;;2;21.00;321179.538044;7473.332775;41.496399;132.748222;5.718299;0;138.063327
1287.00;337277951#3_0;0.92;8.10;1250.00;0.00;49217110#1_0;0.20;0.00;tripinfo_250 emissions_250 fcd_250;37.00;250;0;274.90;1.03;0.00;4.71;DEFAULT_VEHTYPE;;0;0.00;72799.500170;1548.562092;8.732275;29.861068;1.229387;0;31.293797
1290.00;337277957#4_0;112.03;7.53;1170.00;0.00;49222369#3_0;5.10;0.00;tripinfo_234 emissions_234 fcd_234;120.00;234;0;441.11;1.05;0.00;65.48;DEFAULT_VEHTYPE;;2;51.00;244834.641285;10150.181337;51.905223;105.815191;5.049711;0;105.248189
1314.00;337277981#1_1;45.91;7.90;1160.00;0.00;45429543#3_0;5.10;0.00;tripinfo_232 emissions_232 fcd_232;154.00;232;0;663.97;0.99;0.00;71.82;DEFAULT_VEHTYPE;;2;54.00;291870.445986;11200.384037;57.766584;125.132649;5.827221;0;125.467186
1317.00;42143918#7_0;103.14;12.51;1040.00;0.00;40668087#0_0;5.10;0.00;tripinfo_208 emissions_208 fcd_208;277.00;208;0;1111.27;1.14;0.00;170.10;DEFAULT_VEHTYPE;;5;139.00;619980.773547;24741.501714;127.122527;267.640088;12.886001;0;266.513100
1317.00;351440624#6_0;94.39;10.48;1060.00;0.00;42143920#1_0;5.10;0.00;tripinfo_212 emissions_212 fcd_212;257.00;212;0;1075.06;0.97;0.00;131.20;DEFAULT_VEHTYPE;;5;98.00;533188.608859;19623.729190;101.740947;228.156976;10.619884;0;229.202667
1321.00;49217117_0;109.03;7.93;1260.00;0.00;337277951#3_0;0.92;0.00;tripinfo_252 emissions_252 fcd_252;61.00;252;0;504.61;1.06;0.00;9.72;DEFAULT_VEHTYPE;;1;1.00;127696.780846;2455.072560;14.136426;51.971501;2.138081;0;54.891930
1323.00;40668087#4_0;102.89;6.52;1145.00;0.00;49217110#2_0;5.10;0.00;tripinfo_229 emissions_229 fcd_229;178.00;229;0;854.88;0.88;0.00;67.88;DEFAULT_VEHTYPE;;2;50.00;327022.865685;11462.516155;59.738182;137.965297;6.171360;0;140.577866
1334.00;554582107#0_0;109.31;4.87;1210.00;0.00;542428845#1_0;0.20;0.00;tripinfo_242 emissions_242 fcd_242;124.00;242;0;452.14;0.89;0.00;39.41;DEFAULT_VEHTYPE;;1;23.00;192518.948279;7833.245062;40.087353;82.135485;3.718303;0;82.759203
1351.00;492443336#1_0;100.99;6.98;1190.00;0.00;49217108#1_0;0.10;0.00;tripinfo_238 emissions_238 fcd_238;161.00;238;0;560.15;0.98;0.00;85.43;DEFAULT_VEHTYPE;;2;70.00;322012.302407;14534.994010;73.660709;140.400447;6.819104;0;138.425638
1358.00;337277957#5_0;116.08;6.42;1045.00;0.00;542428845#0_0;5.10;0.00;tripinfo_209 emissions_209 fcd_209;313.00;209;0;1098.80;0.89;0.00;162.75;DEFAULT_VEHTYPE;;6;127.00;543864.576381;22892.082712;116.817154;234.378958;11.034704;0;233.794078
1359.00;554582107#1_0;117.00;4.69;1080.00;0.00;337277984#4_0;5.10;0.00;tripinfo_216 emissions_216 fcd_216;279.00;216;0;994.00;1.07;0.00;152.82;DEFAULT_VEHTYPE;;5;113.00;553044.487871;22794.818795;116.640028;239.001302;11.388664;0;237.739671
1359.00;337277981#3_1;16.64;7.48;1320.00;0.00;337277951#2_0;5.10;0.00;tripinfo_264 emissions_264 fcd_264;39.00;264;0;262.28;0.97;0.00;5.24;DEFAULT_VEHTYPE;;0;0.00;79755.750651;1848.746126;10.247650;32.524554;1.311270;0;34.284210
1361.00;337277984#7_0;111.14;10.82;1180.00;0.00;42143918#0_0;5.10;0.00;tripinfo_236 emissions_236 fcd_236;181.00;236;0;1218.24;1.00;0.00;64.03;DEFAULT_VEHTYPE;;2;44.00;376507.268158;10530.476675;56.678781;155.896456;6.819805;0;161.848078
1368.00;567060342#0_0;27.51;9.12;1100.00;0.00;49217119#2_0;0.20;0.00;tripinfo_220 emissions_220 fcd_220;268.00;220;0;1340.00;1.18;0.00;140.42;DEFAULT_VEHTYPE;;6;93.00;568188.918299;19361.420611;101.396390;241.626784;11.202442;0;244.247236
1369.00;492471412#2_0;50.44;7.07;1205.00;0.00;42141326#5_0;5.10;0.00;tripinfo_241 emissions_241 fcd_241;164.00;241;0;663.15;0.90;0.00;81.97;DEFAULT_VEHTYPE;;3;62.00;307898.183312;12073.021633;62.113809;132.246733;6.194324;0;132.357230
1377.00;492443336#0_0;102.83;8.47;1165.00;0.00;351440624#6_0;5.10;0.00;tripinfo_233 emissions_233 fcd_233;212.00;233;0;1078.21;1.13;0.00;104.27;DEFAULT_VEHTYPE;;3;78.00;440276.077350;15596.119924;81.257363;187.345264;8.699357;0;189.261853
1385.00;337277951#0_1;0.20;4.77;1200.00;0.00;42143912#0_0;5.10;0.00;tripinfo_240 emissions_240 fcd_240;185.00;240;0;582.11;1.09;0.00;119.71;DEFAULT_VEHTYPE;;3;95.00;396726.752020;17586.563531;89.318774;173.252206;8.478974;0;170.543281
1402.00;337277951#3_1;0.92;8.05;1355.00;0.00;337277973#1_0;5.10;0.00;tripinfo_271 emissions_271 fcd_271;47.00;271;0;325.08;1.07;0.00;9.30;DEFAULT_VEHTYPE;;0;0.00;102273.542840;2268.137975;12.682872;41.817660;1.707480;0;43.963701
1407.00;42143918#5_0;51.02;11.35;1265.00;0.00;337277981#2_0;5.10;0.00;tripinfo_253 emissions_253 fcd_253;142.00;253;0;671.59;1.10;0.00;73.28;DEFAULT_VEHTYPE;;2;56.00;322681.911761;11651.658427;60.567761;137.936092;6.454681;0;138.711605
1409.00;45429543#5_0;21.13;8.81;1295.00;0.00;337277951#2_0;5.10;0.00;tripinfo_259 emissions_259 fcd_259;114.00;259;0;602.62;1.08;0.00;52.64;DEFAULT_VEHTYPE;;1;41.00;257775.712048;9036.782100;47.132986;109.275305;5.021893;0;110.810289
1410.00;554582106#2_0;55.58;7.31;1185.00;0.00;42143918#1_0;5.10;0.00;tripinfo_237 emissions_237 fcd_237;225.00;237;0;1077.38;1.03;0.00;103.56;DEFAULT_VEHTYPE;;5;67.00;435719.627222;14402.569936;75.691084;184.540599;8.367967;0;187.302581
1424.00;42141326#15_1;77.72;11.20;1275.00;0.00;351440624#2_0;5.10;0.00;tripinfo_255 emissions_255 fcd_255;149.00;255;0;963.80;1.03;0.00;54.65;DEFAULT_VEHTYPE;;1;39.00;335859.843126;10018.963907;53.437134;140.946493;6.349806;0;144.375200
1442.00;542428844#0_0;0.20;6.08;1285.00;0.00;492471410#1_0;0.20;0.00;tripinfo_257 emissions_257 fcd_257;157.00;257;0;449.53;0.94;0.00;98.56;DEFAULT_VEHTYPE;;2;85.00;321203.012258;15275.531641;77.029477;141.142755;6.994139;0;138.078129
1448.00;492471412#1_0;9.43;9.40;1215.00;0.00;42143918#0_0;5.10;0.00;tripinfo_243 emissions_243 fcd_243;233.00;243;0;1028.16;1.14;0.00;137.58;DEFAULT_VEHTYPE;;4;111.00;549917.303437;20980.167483;108.372409;236.706245;11.331807;0;236.394024
1449.00;42141326#9_0;28.94;11.18;1280.00;0.00;492471412#1_0;5.10;0.00;tripinfo_256 emissions_256 fcd_256;169.00;256;0;904.95;1.08;0.00;74.52;DEFAULT_VEHTYPE;;3;46.00;368143.519258;11446.050656;60.714088;156.784175;7.222521;0;158.252834
1458.00;337277977#1_0;126.81;8.61;1245.00;0.00;42143918#6_0;5.10;0.00;tripinfo_249 emissions_249 fcd_249;213.00;249;0;776.21;1.09;0.00;137.56;DEFAULT_VEHTYPE;;4;114.00;483623.877119;20272.278147;103.630439;211.426280;10.427251;0;207.897164
1468.00;492471758#1_0;49.39;5.08;1380.00;0.00;337277973#0_0;1.31;0.00;tripinfo_276 emissions_276 fcd_276;88.00;276;0;635.63;1.03;0.00;13.90;DEFAULT_VEHTYPE;;0;0.00;173457.826894;3906.364628;21.769060;70.333713;2.828376;0;74.563423
1484.00;49217109#3_0;74.65;4.47;1220.00;0.00;45429543#5_0;5.10;0.00;tripinfo_244 emissions_244 fcd_244;264.00;244;0;1011.43;0.96;0.00;128.35;DEFAULT_VEHTYPE;;4;95.00;459205.918456;18661.770166;95.614970;197.827806;9.306835;0;197.400837
1484.00;337277973#1_1;74.82;7.41;1345.00;0.00;492471410#1_0;0.20;0.00;tripinfo_269 emissions_269 fcd_269;139.00;269;0;621.01;0.93;0.00;56.85;DEFAULT_VEHTYPE;;2;45.00;270782.670058;10551.428401;54.293433;115.307121;5.281400;0;116.402449
1490.00;542428844#0_0;0.20;4.49;1420.00;0.00;49217110#3_0;0.20;0.00;tripinfo_284 emissions_284 fcd_284;70.00;284;0;101.96;0.87;0.00;54.83;DEFAULT_VEHTYPE;;2;49.00;162445.310989;8789.070637;43.817972;72.936452;3.791573;0;69.832207
1498.00;49217108#1_0;0.10;7.98;1255.00;0.00;42143912#2_0;5.10;0.00;tripinfo_251 emissions_251 fcd_251;243.00;251;0;790.83;1.08;0.00;154.22;DEFAULT_VEHTYPE;;5;125.00;507151.939305;22199.481008;112.925489;222.226240;10.952927;0;218.011994
1512.00;49217116#2_0;17.96;6.92;1135.00;0.00;40668087#1_0;5.10;0.00;tripinfo_227 emissions_227 fcd_227;377.00;227;0;1280.09;0.91;0.00;227.73;DEFAULT_VEHTYPE;;6;189.00;778125.720896;33604.540670;171.107985;337.787931;16.328053;0;334.497226
1531.00;42143912#4_0;0.20;8.30;1365.00;0.00;567060339#0_0;5.10;0.00;tripinfo_273 emissions_273 fcd_273;166.00;273;0;1024.46;1.00;0.00;55.86;DEFAULT_VEHTYPE;;3;31.00;319431.499253;8512.096229;46.183385;133.549389;5.871847;0;137.312516
1536.00;351440624#6_0;94.39;9.55;1460.00;0.00;553352498#3_0;5.10;0.00;tripinfo_292 emissions_292 fcd_292;76.00;292;0;413.00;0.97;0.00;26.31;DEFAULT_VEHTYPE;;1;14.00;148143.528338;4315.357937;23.081520;62.144446;2.733827;0;63.682045
1539.00;42141326#9_0;28.94;10.93;1270.00;0.00;337277957#1_0;0.20;0.00;tripinfo_254 emissions_254 fcd_254;269.00;254;0;1063.24;1.03;0.00;157.59;DEFAULT_VEHTYPE;;5;123.00;549435.978968;22292.175329;114.295259;237.313808;11.366183;0;236.188132
1546.00;492471412#2_0;50.44;7.47;1310.00;0.00;49217116#2_0;5.10;0.00;tripinfo_262 emissions_262 fcd_262;236.00;262;0;1172.60;0.97;0.00;100.35;DEFAULT_VEHTYPE;;2;63.00;458200.492369;15734.364988;82.265724;194.536983;8.847649;0;196.966833
1546.00;492471759#5_0;37.25;8.05;1435.00;0.00;40668087#4_0;5.10;0.00;tripinfo_287 emissions_287 fcd_287;111.00;287;0;316.66;1.07;0.00;74.29;DEFAULT_VEHTYPE;;2;63.00;242287.087360;10935.331380;55.448748;106.410129;5.273835;0;104.153409
1546.00;542428845#1_0;0.20;7.38;1450.00;0.00;40668087#4_0;5.10;0.00;tripinfo_290 emissions_290 fcd_290;96.00;290;0;321.66;1.00;0.00;56.81;DEFAULT_VEHTYPE;;2;46.00;197496.491645;8291.418538;42.339402;85.512991;4.083844;0;84.898785
1551.00;567060339#0_0;43.85;9.02;1350.00;0.00;492471759#5_0;5.10;0.00;tripinfo_270 emissions_270 fcd_270;201.00;270;0;952.43;1.10;0.00;100.00;DEFAULT_VEHTYPE;;3;77.00;429912.875301;15884.973686;82.349171;184.618825;8.711593;0;184.807215
1552.00;567060342#0_0;27.51;8.08;1390.00;0.00;337277981#0_0;0.20;0.00;tripinfo_278 emissions_278 fcd_278;162.00;278;0;674.09;1.06;0.00;87.49;DEFAULT_VEHTYPE;;3;65.00;332077.946627;12720.644534;65.640164;142.527595;6.701315;0;142.751203
1564.00;337277984#3_1;29.42;10.55;1475.00;0.00;542428845#1_0;0.20;0.00;tripinfo_295 emissions_295 fcd_295;89.00;295;0;434.54;0.98;0.00;38.20;DEFAULT_VEHTYPE;;1;21.00;178987.888495;5921.833375;31.108370;75.657820;3.398148;0;76.941489
1576.00;492471759#0_0;0.20;4.09;1305.00;0.00;49217116#2_0;5.10;0.00;tripinfo_261 emissions_261 fcd_261;271.00;261;0;961.61;0.89;0.00;145.76;DEFAULT_VEHTYPE;;4;115.00;508130.071666;21528.935168;109.818567;220.024517;10.499135;0;218.432539
1583.00;337277951#3_1;0.92;7.36;1470.00;0.00;42141326#9_0;5.10;0.00;tripinfo_294 emissions_294 fcd_294;113.00;294;0;652.01;0.96;0.00;38.97;DEFAULT_VEHTYPE;;1;25.00;226661.696159;7129.571241;37.688215;94.305762;4.106423;0;97.435028
1584.00;49217116#1_0;33.50;5.82;1375.00;0.00;49222369#1_0;5.10;0.00;tripinfo_275 emissions_275 fcd_275;209.00;275;0;818.01;0.84;0.00;78.10;DEFAULT_VEHTYPE;;2;53.00;347165.741814;14133.037162;72.351471;148.422199;6.820356;0;149.237965
1588.00;492471758#0_0;44.88;4.23;1335.00;0.00;49222369#2_0;5.10;0.00;tripinfo_267 emissions_267 fcd_267;253.00;267;0;841.61;0.90;0.00;113.86;DEFAULT_VEHTYPE;;3;86.00;429003.852152;19039.673454;96.606587;185.694878;8.808014;0;184.418929
1634.00;554582106#9_0;0.20;7.96;1495.00;0.00;337277951#0_0;0.20;0.00;tripinfo_299 emissions_299 fcd_299;139.00;299;0;653.95;1.10;0.00;76.13;DEFAULT_VEHTYPE;;2;63.00;309855.415166;11719.816262;60.593652;133.095329;6.336079;0;133.198136
1643.00;337277957#7_0;5.17;7.47;1290.00;0.00;40668087#1_0;5.10;0.00;tripinfo_258 emissions_258 fcd_258;353.00;258;0;1357.64;0.92;0.00;174.69;DEFAULT_VEHTYPE;;6;134.00;629931.710085;25673.651536;131.468870;270.304300;12.615796;0;270.791777
1644.00;567060339#0_0;43.85;7.45;1415.00;0.00;337277973#1_0;5.10;0.00;tripinfo_283 emissions_283 fcd_283;229.00;283;0;769.45;0.95;0.00;132.93;DEFAULT_VEHTYPE;;4;108.00;477999.178875;20488.584406;104.399851;207.531243;9.990233;0;205.480061
1646.00;49217119#0_0;0.20;7.19;1510.00;0.00;49222369#1_0;5.10;0.00;tripinfo_302 emissions_302 fcd_302;136.00;302;0;620.43;0.97;0.00;46.42;DEFAULT_VEHTYPE;;1;24.00;247103.667371;8384.356378;43.887394;104.719844;4.690013;0;106.222558
1652.00;492471759#8_0;8.40;6.13;1410.00;0.00;542428845#0_0;5.10;0.00;tripinfo_282 emissions_282 fcd_282;242.00;282;0;845.74;0.83;0.00;118.54;DEFAULT_VEHTYPE;;4;87.00;422322.536713;17904.181404;91.284802;182.031228;8.552730;0;181.546248
1660.00;42143918#9_1;96.11;11.13;1440.00;0.00;45429543#3_0;5.10;0.00;tripinfo_288 emissions_288 fcd_288;220.00;288;0;965.37;1.02;0.00;117.94;DEFAULT_VEHTYPE;;4;86.00;456561.296288;16791.145556;87.079739;195.450859;9.154415;0;196.262687
1660.00;42143918#11_1;10.93;10.09;1535.00;0.00;45429543#2_0;5.10;0.00;tripinfo_307 emissions_307 fcd_307;125.00;307;0;665.60;1.00;0.00;53.59;DEFAULT_VEHTYPE;;2;38.00;262038.617220;8454.751475;44.562943;109.770037;4.895233;0;112.642478
1660.00;42143918#8_1;114.80;12.27;1633.00;3.00;554582106#8_0;0.20;0.00;tripinfo_326 emissions_326 fcd_326;27.00;326;0;234.11;1.15;0.00;4.44;DEFAULT_VEHTYPE;;0;0.00;74296.302626;1392.719801;8.074441;30.494451;1.295224;0;31.937019
1665.00;49217109#3_0;74.65;4.73;1386.00;1.00;542428845#0_0;5.10;0.00;tripinfo_277 emissions_277 fcd_277;279.00;277;0;864.32;0.87;0.00;150.18;DEFAULT_VEHTYPE;;5;118.00;524986.562905;23345.522222;118.470348;228.289965;10.975724;0;225.679460
1667.00;554582106#0_0;0.20;5.21;1485.00;0.00;42141326#3_0;5.10;0.00;tripinfo_297 emissions_297 fcd_297;182.00;297;0;777.11;1.04;0.00;94.64;DEFAULT_VEHTYPE;;4;72.00;338805.365411;12650.255848;65.463341;144.485927;6.710723;0;145.643059
1674.00;42143918#12_0;103.20;11.48;1425.00;0.00;492443336#0_0;5.10;0.00;tripinfo_285 emissions_285 fcd_285;249.00;285;0;1210.48;1.04;0.00;123.19;DEFAULT_VEHTYPE;;4;92.00;523494.396218;18809.150508;97.805362;222.765734;10.309713;0;225.035238
1681.00;492471414_0;102.68;8.00;1560.00;0.00;45429543#3_0;5.10;0.00;tripinfo_312 emissions_312 fcd_312;121.00;312;0;536.46;1.02;0.00;56.19;DEFAULT_VEHTYPE;;3;40.00;236485.606323;8252.947755;43.068580;100.861257;4.631557;0;101.658174
1682.00;40668087#4_0;102.89;8.18;1595.00;0.00;45429543#2_0;5.10;0.00;tripinfo_319 emissions_319 fcd_319;87.00;319;0;314.20;1.11;0.00;51.97;DEFAULT_VEHTYPE;;2;41.00;193291.446929;7777.851665;39.935302;84.305735;4.103565;0;83.090698
1701.00;49217110#2_0;105.57;7.30;1685.00;0.00;49217110#1_0;0.20;0.00;tripinfo_337 emissions_337 fcd_337;16.00;337;0;105.91;1.01;0.00;2.78;DEFAULT_VEHTYPE;;0;0.00;33862.338788;836.379920;4.591979;14.087859;0.600087;0;14.556214
1720.00;42143912#4_0;0.20;7.07;1635.00;0.00;492471759#6_0;5.10;0.00;tripinfo_327 emissions_327 fcd_327;85.00;327;0;595.71;0.91;0.00;15.48;DEFAULT_VEHTYPE;;1;1.00;170561.910914;3735.435559;20.935045;69.515437;2.825641;0;73.318405
1722.00;42141326#16_0;15.63;11.77;1540.00;0.00;492471410#0_0;5.10;0.00;tripinfo_308 emissions_308 fcd_308;182.00;308;0;984.96;1.15;0.00;89.23;DEFAULT_VEHTYPE;;2;70.00;427397.416092;14726.229866;77.040435;182.577373;8.588635;0;183.725141
1723.00;40668087#5_0;84.58;7.53;1490.00;0.00;49222369#3_0;5.10;0.00;tripinfo_298 emissions_298 fcd_298;233.00;298;0;746.64;1.00;0.00;136.50;DEFAULT_VEHTYPE;;3;117.00;481824.477964;21723.301289;110.090214;209.299125;10.116938;0;207.125328
1726.00;492471759#3_0;93.66;9.01;1480.00;0.00;351440624#2_0;5.10;0.00;tripinfo_296 emissions_296 fcd_296;246.00;296;0;868.95;1.10;0.00;156.40;DEFAULT_VEHTYPE;;4;125.00;528126.241923;22599.430317;115.207339;229.366350;11.144949;0;227.028318
1726.00;42141326#12_0;100.79;11.83;1525.00;0.00;49222369#1_0;5.10;0.00;tripinfo_305 emissions_305 fcd_305;201.00;305;0;1205.82;1.07;0.00;57.20;DEFAULT_VEHTYPE;;1;21.00;398207.446941;10886.679525;58.774112;165.708716;7.127269;0;171.176043
1730.00;492471412#2_0;50.44;8.34;1505.00;0.00;42143920#0_0;5.10;0.00;tripinfo_301 emissions_301 fcd_301;225.00;301;0;1117.20;1.09;0.00;111.66;DEFAULT_VEHTYPE;;5;75.00;477507.270503;15508.340922;81.719446;202.254459;9.223977;0;205.265532
1731.00;567060339#0_0;43.85;8.18;1430.00;0.00;492468486_0;5.10;0.00;tripinfo_286 emissions_286 fcd_286;301.00;286;0;1089.58;1.11;0.00;184.10;DEFAULT_VEHTYPE;;6;148.00;643230.266553;26673.893758;136.482024;280.499380;13.683779;0;276.507730
1732.00;42143918#13_0;198.42;9.89;1620.00;0.00;42143918#6_0;5.10;0.00;tripinfo_324 emissions_324 fcd_324;112.00;324;0;753.88;0.97;0.00;41.50;DEFAULT_VEHTYPE;;1;30.00;225116.662578;6822.051438;36.267917;93.128511;4.077074;0;96.770700
1742.00;42143920#0_0;19.96;7.89;1610.00;0.00;553352498#1_0;5.10;0.00;tripinfo_322 emissions_322 fcd_322;132.00;322;0;565.00;1.04;0.00;67.44;DEFAULT_VEHTYPE;;2;52.00;272501.226182;10580.332481;54.520738;117.625465;5.586277;0;117.140781
1751.00;42143918#3_1;26.32;9.85;1710.00;0.00;1053072563_0;5.10;0.00;tripinfo_342 emissions_342 fcd_342;41.00;342;0;306.76;0.97;0.00;5.52;DEFAULT_VEHTYPE;;0;0.00;86019.676975;1854.324858;10.427456;35.174529;1.441439;0;36.976701
1758.00;337277973#2_1;0.20;4.53;1550.00;0.00;40668087#1_0;5.10;0.00;tripinfo_310 emissions_310 fcd_310;208.00;310;0;855.55;1.06;0.00;110.93;DEFAULT_VEHTYPE;;4;87.00;414923.677407;16351.766804;84.061888;177.329301;8.252176;0;178.364884
1769.00;492471759#2_0;68.11;8.90;1515.00;0.00;42143920#0_0;5.10;0.00;tripinfo_303 emissions_303 fcd_303;254.00;303;0;1010.15;1.07;0.00;144.29;DEFAULT_VEHTYPE;;5;111.00;568624.359181;22519.665826;115.779708;245.427093;11.702818;0;244.436312
1769.00;42143918#7_0;103.14;9.62;1530.00;0.00;49217108#1_0;0.10;0.00;tripinfo_306 emissions_306 fcd_306;239.00;306;0;780.99;0.91;0.00;142.13;DEFAULT_VEHTYPE;;4;122.00;509629.249801;23209.721017;117.543923;222.868030;10.942263;0;219.077801
1779.00;49217108#2_0;87.61;8.89;1615.00;0.00;553352498#1_0;5.10;0.00;tripinfo_323 emissions_323 fcd_323;164.00;323;0;854.74;1.14;0.00;73.26;DEFAULT_VEHTYPE;;3;54.00;342174.545165;11759.832728;61.466112;144.227804;6.510552;0;147.090912
1782.00;337277981#2_1;15.40;7.80;1645.00;0.00;337277957#2_0;5.10;0.00;tripinfo_329 emissions_329 fcd_329;137.00;329;0;600.36;0.96;0.00;62.70;DEFAULT_VEHTYPE;;3;42.00;263153.787430;9588.214094;49.764469;112.555969;5.202084;0;113.122309
1790.00;40668087#4_0;102.89;6.34;1545.00;0.00;49222369#3_0;5.10;0.00;tripinfo_309 emissions_309 fcd_309;245.00;309;0;1084.65;0.84;0.00;94.77;DEFAULT_VEHTYPE;;2;66.00;438141.491227;16840.703846;86.785783;186.264641;8.480428;0;188.345555
1794.00;45429543#3_0;92.24;7.79;1575.00;0.00;567060339#3_0;5.10;0.00;tripinfo_315 emissions_315 fcd_315;219.00;315;0;845.14;0.97;0.00;119.27;DEFAULT_VEHTYPE;;4;99.00;449587.004171;18436.306386;94.374263;193.325060;9.140889;0;193.266067
1803.00;554582106#9_0;0.20;5.92;1693.00;3.00;492468579_0;5.10;0.00;tripinfo_338 emissions_338 fcd_338;110.00;338;0;442.60;0.97;0.00;55.10;DEFAULT_VEHTYPE;;1;38.00;221594.439726;8608.878035;44.322313;94.672669;4.366996;0;95.257611
1805.00;492443337#3_0;247.77;6.77;1500.00;0.00;337277970#0_0;0.20;0.00;tripinfo_300 emissions_300 fcd_300;305.00;300;0;1320.72;0.83;0.00;121.19;DEFAULT_VEHTYPE;;3;90.00;527880.492907;20531.043543;105.628800;223.798467;10.107666;0;226.922367
1815.00;337277977#0_0;97.57;7.16;1605.00;0.00;49222369#2_0;5.10;0.00;tripinfo_321 emissions_321 fcd_321;210.00;321;0;898.54;0.99;0.00;93.28;DEFAULT_VEHTYPE;;4;65.00;388128.803284;14706.343972;75.947702;165.728099;7.644117;0;166.846041
1820.00;337277981#4_0;0.20;7.38;1700.00;0.00;49217119#0_0;0.20;0.00;tripinfo_340 emissions_340 fcd_340;120.00;340;0;807.76;1.02;0.00;34.18;DEFAULT_VEHTYPE;;2;14.00;241833.912649;5967.213263;32.747236;99.056406;4.134854;0;103.956077
1834.00;337277970#2_1;0.20;10.25;1580.00;0.00;42141326#0_0;5.10;0.00;tripinfo_316 emissions_316 fcd_316;254.00;316;0;1163.71;1.24;0.00;161.33;DEFAULT_VEHTYPE;;5;128.00;633144.935170;23645.760157;122.523793;273.662186;13.325543;0;272.170454
1840.00;42141326#11_1;100.60;10.41;1650.00;0.00;49217102_0;5.10;0.00;tripinfo_330 emissions_330 fcd_330;190.00;330;0;972.19;1.04;0.00;92.74;DEFAULT_VEHTYPE;;2;61.00;399448.357518;13968.045672;72.868137;169.227840;7.744712;0;171.711255
1847.00;337277973#2_1;0.20;7.31;1655.00;0.00;604749601#0_0;5.10;0.00;tripinfo_331 emissions_331 fcd_331;192.00;331;0;1073.90;0.88;0.00;44.58;DEFAULT_VEHTYPE;;2;21.00;323873.930305;9435.633754;50.371453;133.328617;5.515509;0;139.223442
1857.00;42141326#12_1;100.79;9.37;1680.00;0.00;604749601#0_0;5.10;0.00;tripinfo_336 emissions_336 fcd_336;177.00;336;0;1002.02;0.95;0.00;59.98;DEFAULT_VEHTYPE;;1;39.00;325831.684900;10371.275449;54.742642;136.151380;5.973293;0;140.065200
1865.00;42141326#12_1;100.79;6.89;1760.00;0.00;337277984#2_0;5.10;0.00;tripinfo_352 emissions_352 fcd_352;105.00;352;0;654.87;0.71;0.00;15.88;DEFAULT_VEHTYPE;;0;0.00;186614.299831;4725.878506;25.778651;75.974139;3.031122;0;80.219354
1866.00;542429228_0;102.32;5.97;1675.00;0.00;42143918#2_0;5.10;0.00;tripinfo_335 emissions_335 fcd_335;191.00;335;0;751.06;1.13;0.00;106.24;DEFAULT_VEHTYPE;;3;85.00;397637.952480;16309.032971;83.503040;171.641065;8.187352;0;170.934332
1868.00;42143918#4_0;41.27;12.18;1725.00;0.00;49222369#3_0;5.10;0.00;tripinfo_345 emissions_345 fcd_345;143.00;345;0;926.68;1.14;0.00;56.25;DEFAULT_VEHTYPE;;2;37.00;294696.410664;8212.074664;44.227060;121.665173;5.321973;0;126.680309
1893.00;45429543#6_0;0.20;4.97;1745.00;0.00;42143918#1_0;5.10;0.00;tripinfo_349 emissions_349 fcd_349;148.00;349;0;859.11;0.99;0.00;55.46;DEFAULT_VEHTYPE;;2;35.00;310760.221212;9381.881236;49.910618;129.745067;5.709568;0;133.585997
1895.00;49217104#1_1;20.12;8.44;1600.00;0.00;567060339#3_0;5.10;0.00;tripinfo_320 emissions_320 fcd_320;295.00;320;0;960.27;1.09;0.00;193.09;DEFAULT_VEHTYPE;;6;154.00;645999.253266;27706.601076;141.254007;282.678873;13.906674;0;277.698589
1901.00;42143918#3_1;26.32;11.96;1670.00;0.00;45429543#0_0;5.10;0.00;tripinfo_334 emissions_334 fcd_334;231.00;334;0;851.70;1.10;0.00;147.51;DEFAULT_VEHTYPE;;5;121.00;525646.657189;21491.398472;110.157825;228.911699;11.204165;0;225.961389
1918.00;337277984#8_0;158.41;10.47;1695.00;0.00;351440624#2_0;5.10;0.00;tripinfo_339 emissions_339 fcd_339;223.00;339;0;1606.01;0.99;0.00;65.96;DEFAULT_VEHTYPE;;1;46.00;441689.674377;11790.295802;63.867495;180.288889;7.603276;0;189.867976
1920.00;49217108#2_0;87.61;7.33;1765.00;0.00;492471410#1_0;0.20;0.00;tripinfo_353 emissions_353 fcd_353;155.00;353;0;537.85;0.96;0.00;86.86;DEFAULT_VEHTYPE;;2;76.00;329416.882650;14872.643086;75.391041;144.131101;7.074474;0;141.608562
1921.00;492443337#1_0;110.61;8.38;1720.00;0.00;351440624#6_0;5.10;0.00;tripinfo_344 emissions_344 fcd_344;201.00;344;0;1087.93;1.04;0.00;83.36;DEFAULT_VEHTYPE;;2;61.00;406087.745890;13931.470733;72.847781;171.556871;7.793133;0;174.565224
1937.00;554582106#9_0;0.20;5.49;1860.00;0.00;42141326#1_0;5.10;0.00;tripinfo_372 emissions_372 fcd_372;77.00;372;0;338.46;1.05;0.00;47.12;DEFAULT_VEHTYPE;;2;34.00;176675.549309;6248.198597;32.584901;75.919893;3.612393;0;75.947479
1978.00;554582106#7_0;20.54;7.29;1740.00;0.00;49217119#1_0;5.10;0.00;tripinfo_348 emissions_348 fcd_348;238.00;348;0;1131.06;0.88;0.00;103.76;DEFAULT_VEHTYPE;;3;78.00;468357.136099;17151.486240;88.925905;198.637080;9.048619;0;201.333806
1981.00;42143918#12_0;103.20;7.08;1790.00;0.00;337277951#5_0;4.12;0.00;tripinfo_358 emissions_358 fcd_358;191.00;358;0;1009.94;0.75;0.00;60.18;DEFAULT_VEHTYPE;;2;43.00;341276.789702;11950.732553;62.244498;142.448121;6.202688;0;146.705577
2000.00;337277970#0_1;0.20;4.54;1840.00;0.00;42143920#0_0;5.10;0.00;tripinfo_368 emissions_368 fcd_368;160.00;368;0;684.32;0.96;0.00;79.22;DEFAULT_VEHTYPE;;3;57.00;318442.303622;12206.228881;62.983777;136.942973;6.450764;0;136.889571
2002.00;567060339#0_0;43.85;8.04;1800.00;0.00;337277970#1_0;5.10;0.00;tripinfo_360 emissions_360 fcd_360;202.00;360;0;573.41;1.04;0.00;137.55;DEFAULT_VEHTYPE;;4;116.00;448808.366939;20223.393838;102.579560;197.530565;9.848135;0;192.931816
2005.00;542428844#1_0;40.23;7.34;1960.00;0.00;40668087#5_0;5.10;0.00;tripinfo_392 emissions_392 fcd_392;45.00;392;0;258.54;0.89;0.00;9.83;DEFAULT_VEHTYPE;;1;2.00;81801.491587;2102.088511;11.449317;33.712095;1.388913;0;35.163705
2008.00;554582106#6_0;1.23;8.34;1910.00;0.00;45429543#5_0;5.10;0.00;tripinfo_382 emissions_382 fcd_382;98.00;382;0;428.17;1.08;0.00;43.93;DEFAULT_VEHTYPE;;1;25.00;194561.103362;6626.749739;34.678606;82.638919;3.734160;0;83.636030
2012.00;554582106#3_0;94.14;8.23;1940.00;0.00;604749601#0_0;5.10;0.00;tripinfo_388 emissions_388 fcd_388;72.00;388;0;550.11;1.04;0.00;7.45;DEFAULT_VEHTYPE;;0;0.00;129108.420586;2606.343844;14.823592;51.856894;2.020769;0;55.499038
2021.00;45429543#6_0;0.20;2.53;2020.00;0.00;45429543#6_0;0.20;0.00;tripinfo_404 emissions_404 fcd_404;1.00;404;0;0.00;1.10;0.00;0.72;DEFAULT_VEHTYPE;;0;0.00;4020.388254;151.400932;0.784217;1.793294;0.089158;0;1.728239
2028.00;42141326#13_0;91.65;5.52;1870.00;0.00;42143918#4_0;5.10;0.00;tripinfo_374 emissions_374 fcd_374;158.00;374;0;641.59;0.85;0.00;85.41;DEFAULT_VEHTYPE;;3;65.00;325794.129053;13048.371639;67.001417;140.962312;6.744723;0;140.050185
2034.00;554582106#5_0;0.21;8.19;1730.00;0.00;49222369#0_0;5.10;0.00;tripinfo_346 emissions_346 fcd_346;304.00;346;0;1396.61;1.11;0.00;143.29;DEFAULT_VEHTYPE;;5;109.00;586890.166704;21724.577080;112.570943;251.191986;11.762153;0;252.287483
2038.00;337277984#3_0;29.42;10.18;1830.00;0.00;554582106#4_0;5.10;0.00;tripinfo_366 emissions_366 fcd_366;208.00;366;0;766.57;0.98;0.00;129.15;DEFAULT_VEHTYPE;;4;103.00;446865.018570;18429.792570;94.340227;193.834638;9.386131;0;192.095612
2040.00;337277977#0_0;97.57;9.86;1770.00;0.00;42141326#1_0;5.10;0.00;tripinfo_354 emissions_354 fcd_354;270.00;354;0;878.44;1.30;0.00;205.43;DEFAULT_VEHTYPE;;5;166.00;662038.810419;28573.409054;145.658933;292.261682;14.823119;0;284.592975
2040.00;49217102_0;98.88;7.28;1865.00;0.00;492471759#4_0;5.10;0.00;tripinfo_373 emissions_373 fcd_373;175.00;373;0;959.10;0.98;0.00;58.43;DEFAULT_VEHTYPE;;3;32.00;325869.357594;9293.083409;49.824738;135.283795;5.782647;0;140.080726
2041.00;49217116#0_0;97.13;6.80;1757.00;22.00;492471759#0_0;0.20;0.00;tripinfo_347 emissions_347 fcd_347;284.00;347;0;865.63;0.93;0.00;185.25;DEFAULT_VEHTYPE;;6;158.00;609049.056676;27590.955620;139.831489;266.793344;13.168162;0;261.815821
2041.00;492471759#2_0;68.11;7.00;1985.00;0.00;40668087#6_0;5.10;0.00;tripinfo_397 emissions_397 fcd_397;56.00;397;0;335.51;0.97;0.00;13.24;DEFAULT_VEHTYPE;;1;4.00;96682.501042;2314.676680;12.751099;39.324506;1.569871;0;41.560519
2042.00;45429543#1_0;100.11;6.15;1880.00;0.00;42143912#4_0;0.20;0.00;tripinfo_376 emissions_376 fcd_376;162.00;376;0;602.22;0.87;0.00;84.70;DEFAULT_VEHTYPE;;3;62.00;299518.684215;11841.857352;60.876572;129.213988;6.098720;0;128.755068
2043.00;492471412#2_0;50.44;8.49;1820.00;0.00;337277957#0_0;5.10;0.00;tripinfo_364 emissions_364 fcd_364;223.00;364;0;748.53;1.13;0.00;136.09;DEFAULT_VEHTYPE;;3;107.00;469742.247645;20276.064150;103.263258;204.652727;9.948255;0;201.930546
2062.00;42141326#10_1;28.82;5.78;2000.00;0.00;42141326#0_0;5.10;0.00;tripinfo_400 emissions_400 fcd_400;62.00;400;0;625.80;1.05;0.00;8.36;DEFAULT_VEHTYPE;;0;0.00;132349.971547;1965.202931;12.003905;52.157974;2.032967;0;56.891996
2066.00;492471759#7_0;173.79;9.06;1995.00;0.00;42201285#1_0;5.10;0.00;tripinfo_399 emissions_399 fcd_399;71.00;399;0;534.95;1.14;0.00;21.82;DEFAULT_VEHTYPE;;1;10.00;155277.274232;3316.472631;18.712370;63.607019;2.707154;0;66.747871
2070.00;492443336#1_0;100.99;8.18;1775.00;0.00;49222369#0_0;5.10;0.00;tripinfo_355 emissions_355 fcd_355;295.00;355;0;1334.15;1.01;0.00;103.36;DEFAULT_VEHTYPE;;2;75.00;529835.712644;19975.874857;103.116782;223.175316;9.903243;0;227.762684
2070.00;337277984#7_0;111.14;10.20;1908.00;3.00;492471412#1_0;5.10;0.00;tripinfo_381 emissions_381 fcd_381;162.00;381;0;1069.81;0.99;0.00;47.97;DEFAULT_VEHTYPE;;2;27.00;316204.938389;8348.660995;45.312295;130.022896;5.512527;0;135.925946
2081.00;42141326#16_0;15.63;13.75;1845.00;0.00;42141326#4_0;5.10;0.00;tripinfo_369 emissions_369 fcd_369;236.00;369;0;871.61;1.26;0.00;173.02;DEFAULT_VEHTYPE;;7;133.00;614349.904880;23993.024313;123.741760;269.356130;13.475884;0;264.091057
2084.00;49217119#1_0;35.72;7.66;1825.00;0.00;42143918#6_0;5.10;0.00;tripinfo_365 emissions_365 fcd_365;259.00;365;0;1186.10;0.96;0.00;123.83;DEFAULT_VEHTYPE;;6;81.00;525707.140913;18437.424097;96.154316;223.996508;10.287157;0;225.986074
2086.00;337277957#6_0;116.59;7.22;1705.00;0.00;337277984#4_0;5.10;0.00;tripinfo_341 emissions_341 fcd_341;381.00;341;0;1547.97;1.01;0.00;208.82;DEFAULT_VEHTYPE;;7;160.00;765020.092199;30201.292157;155.314169;329.721336;15.656677;0;328.861595
2087.00;554582106#3_0;94.14;7.10;1750.00;0.00;49217116#1_0;5.10;0.00;tripinfo_350 emissions_350 fcd_350;337.00;350;0;1425.17;0.98;0.00;165.97;DEFAULT_VEHTYPE;;7;110.00;660360.635618;24299.637816;125.963620;282.432305;13.066183;0;283.870401
2087.00;49217119#2_0;0.20;9.76;1885.00;0.00;567060342#1_0;5.10;0.00;tripinfo_377 emissions_377 fcd_377;202.00;377;0;805.55;1.21;0.00;124.41;DEFAULT_VEHTYPE;;4;86.00;447919.599797;17308.500959;89.280099;194.187411;9.352751;0;192.548011
2088.00;337277957#5_1;116.08;6.33;1755.00;0.00;492471759#6_0;5.10;0.00;tripinfo_351 emissions_351 fcd_351;333.00;351;0;1422.76;0.88;0.00;147.85;DEFAULT_VEHTYPE;;6;107.00;633228.024963;23882.298623;123.361799;269.050239;12.249584;0;272.207779
2091.00;40668087#3_0;100.10;7.69;1815.00;0.00;49217119#2_0;0.20;0.00;tripinfo_363 emissions_363 fcd_363;276.00;363;0;1421.65;0.96;0.00;105.68;DEFAULT_VEHTYPE;;5;63.00;508614.218307;16454.180196;86.687466;214.015223;9.530757;0;218.637785
2104.00;567060339#2_0;0.20;7.82;1921.00;1.00;337277981#0_0;0.20;0.00;tripinfo_384 emissions_384 fcd_384;183.00;384;0;737.32;0.95;0.00;90.80;DEFAULT_VEHTYPE;;3;65.00;361979.254633;13901.313137;71.692678;155.303363;7.241765;0;155.605045
2107.00;337277957#6_0;116.59;6.62;1785.00;0.00;42143920#0_0;5.10;0.00;tripinfo_357 emissions_357 fcd_357;322.00;357;0;1462.16;0.84;0.00;117.31;DEFAULT_VEHTYPE;;5;74.00;527148.465875;18367.843069;95.749096;221.475360;9.720389;0;226.606389
2127.00;337277970#1_0;79.16;5.36;1935.00;0.00;45429543#6_0;0.20;0.00;tripinfo_387 emissions_387 fcd_387;192.00;387;0;648.93;0.76;0.00;87.48;DEFAULT_VEHTYPE;;3;69.00;350609.131559;15446.459322;78.440452;151.885351;7.214868;0;150.718710
2139.00;542429228_0;102.32;4.55;1850.00;0.00;49217119#2_0;0.20;0.00;tripinfo_370 emissions_370 fcd_370;289.00;370;0;1099.19;0.97;0.00;154.93;DEFAULT_VEHTYPE;;5;124.00;562292.052539;23239.195141;118.876858;242.762063;11.568678;0;241.715050
2142.00;49217116#2_0;17.96;6.35;1835.00;0.00;49217108#1_0;0.10;0.00;tripinfo_367 emissions_367 fcd_367;307.00;367;0;1054.98;0.92;0.00;181.33;DEFAULT_VEHTYPE;;6;148.00;639941.668158;27719.469485;141.119061;278.821600;13.563197;0;275.095129
2146.00;337277973#2_1;0.20;7.88;1945.00;0.00;42143918#5_0;5.10;0.00;tripinfo_389 emissions_389 fcd_389;201.00;389;0;997.79;0.98;0.00;87.46;DEFAULT_VEHTYPE;;2;65.00;419980.041835;15195.748520;78.917390;178.220034;8.152220;0;180.537627
2150.00;554582106#7_0;20.54;8.07;1990.00;0.00;42143918#0_0;5.10;0.00;tripinfo_398 emissions_398 fcd_398;160.00;398;0;978.47;1.09;0.00;68.62;DEFAULT_VEHTYPE;;2;45.00;340660.012697;10538.205968;55.958536;145.027405;6.743610;0;146.438484
2153.00;542429228_0;102.32;4.00;2110.00;0.00;542428845#1_0;0.20;0.00;tripinfo_422 emissions_422 fcd_422;43.00;422;0;221.49;0.90;0.00;6.00;DEFAULT_VEHTYPE;;0;0.00;60206.333330;1832.164013;9.721992;25.080506;1.057307;0;25.880860
2163.00;351440624#6_0;94.39;5.37;1965.00;0.00;567060342#0_0;5.10;0.00;tripinfo_393 emissions_393 fcd_393;198.00;393;0;721.35;1.10;0.00;121.04;DEFAULT_VEHTYPE;;3;99.00;414681.294976;17903.143076;91.189918;180.725727;8.832721;0;178.261161
2168.00;351440624#7_0;57.36;12.17;1795.00;0.00;42141326#15_0;5.10;0.00;tripinfo_359 emissions_359 fcd_359;373.00;359;0;1349.19;1.13;0.00;243.14;DEFAULT_VEHTYPE;;7;203.00;843649.415277;35391.833615;180.893431;367.956964;18.108739;0;362.662842
2173.00;337277981#2_0;15.40;7.61;2010.00;0.00;42143920#0_0;5.10;0.00;tripinfo_402 emissions_402 fcd_402;163.00;402;0;650.03;0.96;0.00;85.85;DEFAULT_VEHTYPE;;2;65.00;331282.685076;13021.081700;66.980297;142.382716;6.697877;0;142.409593
2174.00;492443337#0_0;0.20;8.41;2045.00;0.00;492471410#0_0;5.10;0.00;tripinfo_409 emissions_409 fcd_409;129.00;409;0;880.00;1.16;0.00;39.47;DEFAULT_VEHTYPE;;2;21.00;250806.823376;6017.341720;33.190859;102.696402;4.297623;0;107.813072
2176.00;492471759#7_0;173.79;6.90;2055.00;0.00;49217119#1_0;5.10;0.00;tripinfo_411 emissions_411 fcd_411;121.00;411;0;763.91;0.94;0.00;36.10;DEFAULT_VEHTYPE;;2;20.00;227981.433093;5999.383857;32.576986;93.909819;3.973872;0;98.001573
2185.00;42201285#1_0;31.78;8.42;2065.00;0.00;337277951#5_0;4.12;0.00;tripinfo_413 emissions_413 fcd_413;120.00;413;0;686.68;1.04;0.00;45.64;DEFAULT_VEHTYPE;;3;26.00;251790.943323;7198.906567;38.601750;104.844105;4.554367;0;108.236715
2197.00;492443336#0_0;102.83;6.78;1855.00;0.00;42141326#16_0;5.10;0.00;tripinfo_371 emissions_371 fcd_371;342.00;371;0;1326.43;0.87;0.00;174.75;DEFAULT_VEHTYPE;;4;141.00;683576.485475;28924.039785;147.568665;295.826813;14.135062;0;293.852584
2218.00;42141326#14_0;100.91;9.70;2025.00;0.00;42143918#4_0;5.10;0.00;tripinfo_405 emissions_405 fcd_405;193.00;405;0;754.16;0.98;0.00;118.87;DEFAULT_VEHTYPE;;3;98.00;443327.273420;17915.308947;91.942486;192.633729;9.384851;0;190.574415
2219.00;42143912#2_0;47.04;8.20;2050.00;0.00;492471759#4_0;5.10;0.00;tripinfo_410 emissions_410 fcd_410;169.00;410;0;620.24;1.07;0.00;106.00;DEFAULT_VEHTYPE;;4;80.00;372022.802028;14647.979475;75.383838;161.142177;7.761032;0;159.922370
2220.00;49217102_0;98.88;8.28;1930.00;0.00;337277984#1_0;5.10;0.00;tripinfo_386 emissions_386 fcd_386;290.00;386;0;1013.55;1.02;0.00;172.70;DEFAULT_VEHTYPE;;5;136.00;604475.122780;25637.668677;130.806120;262.739920;12.694632;0;259.848635
2220.00;337277957#0_0;98.10;7.24;2040.00;0.00;492471414_0;5.10;0.00;tripinfo_408 emissions_408 fcd_408;180.00;408;0;526.38;0.98;0.00;115.14;DEFAULT_VEHTYPE;;3;88.00;368064.868241;16569.980137;84.020308;161.302276;7.915666;0;158.222343
2221.00;49217116#0_0;97.13;7.82;1900.00;0.00;492471412#0_0;5.10;0.00;tripinfo_380 emissions_380 fcd_380;321.00;380;0;1191.67;0.97;0.00;185.09;DEFAULT_VEHTYPE;;6;149.00;671276.298231;28103.139081;143.565229;290.359432;13.910319;0;288.564771
2228.00;42141326#14_0;100.91;5.48;2115.00;0.00;42143912#0_0;5.10;0.00;tripinfo_423 emissions_423 fcd_423;113.00;423;0;470.03;1.09;0.00;66.94;DEFAULT_VEHTYPE;;2;51.00;246874.003357;9762.005122;50.215724;106.994178;5.163118;0;106.124362
2250.00;45429543#4_0;75.60;8.61;2170.00;0.00;337277981#4_0;0.20;0.00;tripinfo_434 emissions_434 fcd_434;80.00;434;0;705.36;1.13;0.00;9.90;DEFAULT_VEHTYPE;;1;1.00;166603.977631;2939.301615;17.204969;65.842806;2.530846;0;71.616836
2251.00;42201285#2_0;97.71;7.49;1975.00;0.00;554582106#5_0;0.21;0.00;tripinfo_395 emissions_395 fcd_395;276.00;395;0;1026.79;0.97;0.00;170.39;DEFAULT_VEHTYPE;;5;135.00;609738.263240;25020.424689;128.171383;265.423574;12.921109;0;262.110267
2256.00;337277951#5_1;4.12;8.05;2125.00;0.00;553352498#1_0;5.10;0.00;tripinfo_425 emissions_425 fcd_425;131.00;425;0;840.53;1.11;0.00;39.42;DEFAULT_VEHTYPE;;1;25.00;250604.425928;7233.060358;38.710421;103.621681;4.435378;0;107.726887
2259.00;42141326#9_0;28.94;12.12;2165.00;0.00;42141326#10_0;5.10;0.00;tripinfo_433 emissions_433 fcd_433;94.00;433;0;427.67;1.18;0.00;53.49;DEFAULT_VEHTYPE;;2;39.00;221379.062366;7693.045976;40.241900;96.329326;4.684416;0;95.163792
2263.00;492471759#5_0;37.25;6.89;2205.00;0.00;337277951#0_0;0.20;0.00;tripinfo_441 emissions_441 fcd_441;58.00;441;0;416.78;0.94;0.00;6.79;DEFAULT_VEHTYPE;;0;0.00;108382.197720;2353.341083;13.187319;43.415739;1.674170;0;46.589757
2264.00;337277981#3_0;16.64;7.63;2090.00;0.00;49217116#2_0;5.10;0.00;tripinfo_418 emissions_418 fcd_418;174.00;418;0;729.07;1.06;0.00;94.99;DEFAULT_VEHTYPE;;3;74.00;377146.495575;14588.628808;75.240155;163.584726;7.876010;0;162.124652
2267.00;492471759#3_0;93.66;8.08;2162.00;2.00;337277957#1_0;0.20;0.00;tripinfo_432 emissions_432 fcd_432;105.00;432;0;643.18;0.98;0.00;24.40;DEFAULT_VEHTYPE;;1;10.00;185278.299493;4791.150010;26.049395;75.386206;3.031418;0;79.645122
2271.00;42143920#1_0;72.46;7.31;2060.00;0.00;567060342#0_0;5.10;0.00;tripinfo_412 emissions_412 fcd_412;211.00;412;0;736.93;0.98;0.00;125.28;DEFAULT_VEHTYPE;;4;99.00;437650.924851;18670.187858;95.180751;189.659519;9.113532;0;188.135331
2281.00;567060339#1_0;43.77;7.25;1875.00;0.00;42141326#15_0;5.10;0.00;tripinfo_375 emissions_375 fcd_375;406.00;375;0;1495.67;0.97;0.00;234.52;DEFAULT_VEHTYPE;;7;192.00;847029.147309;35814.223164;182.778097;367.112565;17.685015;0;364.116606
2281.00;492443336#0_0;102.83;7.47;2100.00;0.00;42141326#2_0;5.10;0.00;tripinfo_420 emissions_420 fcd_420;181.00;420;0;896.28;0.99;0.00;81.75;DEFAULT_VEHTYPE;;3;61.00;358914.442141;12474.622586;65.104983;151.428595;6.840007;0;154.287003
2298.00;42143918#12_0;103.20;11.82;2140.00;0.00;492471410#0_0;5.10;0.00;tripinfo_428 emissions_428 fcd_428;158.00;428;0;1221.23;1.07;0.00;35.75;DEFAULT_VEHTYPE;;2;17.00;327068.373800;6797.964039;38.480634;131.463624;5.277956;0;140.594880
2302.00;42143912#1_0;39.80;8.73;1970.00;0.00;45429543#5_0;5.10;0.00;tripinfo_394 emissions_394 fcd_394;332.00;394;0;1152.15;1.19;0.00;221.99;DEFAULT_VEHTYPE;;7;175.00;736188.915467;30833.679071;157.613820;321.160856;15.765954;0;316.468361
2302.00;42143918#4_0;41.27;10.54;2080.00;0.00;45429543#1_0;5.10;0.00;tripinfo_416 emissions_416 fcd_416;222.00;416;0;677.90;0.96;0.00;150.40;DEFAULT_VEHTYPE;;5;115.00;479794.458580;20445.899795;104.310237;209.910772;10.315328;0;206.251293
2310.00;542428845#1_0;0.20;7.95;2105.00;0.00;49217116#2_0;5.10;0.00;tripinfo_421 emissions_421 fcd_421;205.00;421;0;846.23;1.05;0.00;112.36;DEFAULT_VEHTYPE;;4;82.00;438114.032892;16935.993420;87.324305;189.130191;9.001894;0;188.333088
2312.00;42143918#2_0;54.26;11.97;2150.00;0.00;553352498#1_0;5.10;0.00;tripinfo_430 emissions_430 fcd_430;162.00;430;0;730.52;1.15;0.00;93.95;DEFAULT_VEHTYPE;;3;68.00;367686.659388;13442.839319;69.825623;158.915546;7.648890;0;158.057552
2314.00;42143918#5_1;51.02;8.73;2195.00;0.00;337277981#3_0;5.10;0.00;tripinfo_439 emissions_439 fcd_439;119.00;439;0;649.19;0.82;0.00;30.63;DEFAULT_VEHTYPE;;1;15.00;204671.081687;5982.635072;31.921356;84.214800;3.482130;0;87.981828
2323.00;42143918#0_0;102.82;10.77;1890.00;0.00;45429543#4_0;5.10;0.00;tripinfo_378 emissions_378 fcd_378;433.00;378;0;1420.80;0.99;0.00;275.41;DEFAULT_VEHTYPE;;8;224.00;921666.988755;40517.721917;206.028402;404.104930;19.982259;0;396.201753
2324.00;42143918#13_0;198.42;9.92;2215.00;0.00;337277984#1_0;5.10;0.00;tripinfo_443 emissions_443 fcd_443;109.00;443;0;1026.07;1.01;0.00;9.63;DEFAULT_VEHTYPE;;0;0.00;215121.725783;3299.384536;19.939348;83.592873;3.079802;0;92.472691
2360.00;42143918#13_0;198.42;10.79;2075.00;0.00;553352498#2_0;5.10;0.00;tripinfo_415 emissions_415 fcd_415;285.00;415;0;1534.76;0.98;0.00;134.99;DEFAULT_VEHTYPE;;4;110.00;600417.826289;21579.758744;112.200319;254.211679;11.732530;0;258.102634
2369.00;567060339#1_0;43.77;7.26;2095.00;0.00;42143918#6_0;5.10;0.00;tripinfo_419 emissions_419 fcd_419;274.00;419;0;1285.41;0.99;0.00;128.23;DEFAULT_VEHTYPE;;5;96.00;544834.244488;19332.426112;100.664788;231.572301;10.624975;0;234.208537
2400.00;554582106#2_0;55.58;8.51;2155.00;0.00;49222369#1_0;5.10;0.00;tripinfo_431 emissions_431 fcd_431;245.00;431;0;1104.20;1.13;0.00;97.83;DEFAULT_VEHTYPE;;2;76.00;452089.355137;17496.505927;90.091538;191.984711;8.745161;0;194.341506
2400.00;49217108#1_0;0.10;7.74;2260.00;0.00;40668087#5_0;5.10;0.00;tripinfo_452 emissions_452 fcd_452;140.00;452;0;624.72;0.93;0.00;58.75;DEFAULT_VEHTYPE;;3;37.00;241300.467671;7823.749689;41.193115;101.577424;4.480324;0;103.727779
2405.00;49217116#2_0;17.96;10.00;2145.00;0.00;337277973#0_0;1.31;0.00;tripinfo_429 emissions_429 fcd_429;260.00;429;0;922.35;1.21;0.00;181.47;DEFAULT_VEHTYPE;;5;151.00;622254.718940;25898.737056;132.533784;272.321321;13.543345;0;267.490614
2405.00;49217116#0_0;97.13;7.66;2290.00;0.00;49217110#3_0;0.20;0.00;tripinfo_458 emissions_458 fcd_458;115.00;458;0;655.48;1.02;0.00;43.93;DEFAULT_VEHTYPE;;1;31.00;230136.596567;7740.548431;40.567144;96.662793;4.327269;0;98.928983
2415.00;42143918#8_0;114.80;8.25;2350.00;0.00;492471759#6_0;5.10;0.00;tripinfo_470 emissions_470 fcd_470;65.00;470;0;443.65;0.82;0.00;11.92;DEFAULT_VEHTYPE;;1;3.00;112437.944107;2469.168567;13.837254;46.107213;1.898582;0;48.332957
2421.00;42143918#10_0;7.92;9.83;2225.00;0.00;49217116#0_0;5.10;0.00;tripinfo_445 emissions_445 fcd_445;196.00;445;0;991.15;0.95;0.00;98.77;DEFAULT_VEHTYPE;;2;78.00;400065.880212;15046.864096;77.786396;169.586958;7.843948;0;171.977530
2435.00;337277970#0_0;0.20;7.41;2320.00;0.00;492468486_0;5.10;0.00;tripinfo_464 emissions_464 fcd_464;115.00;464;0;507.02;1.00;0.00;53.69;DEFAULT_VEHTYPE;;2;37.00;214414.155136;7651.334383;39.802825;91.161117;4.153837;0;92.170522
2440.00;492471412#0_0;27.70;9.41;2355.00;0.00;492471759#3_0;5.10;0.00;tripinfo_471 emissions_471 fcd_471;85.00;471;0;451.84;1.13;0.00;38.80;DEFAULT_VEHTYPE;;2;26.00;185422.652846;5594.336360;29.810262;79.101244;3.653133;0;79.706949
2441.00;492471412#1_0;9.43;7.42;2325.00;0.00;42141326#10_0;5.10;0.00;tripinfo_465 emissions_465 fcd_465;116.00;465;0;410.66;0.95;0.00;63.49;DEFAULT_VEHTYPE;;3;45.00;214281.320443;8613.513802;44.193001;92.495893;4.366602;0;92.113919
2443.00;42141326#10_0;28.82;10.15;2250.00;0.00;604749601#0_0;5.10;0.00;tripinfo_450 emissions_450 fcd_450;193.00;450;0;778.26;1.02;0.00;103.55;DEFAULT_VEHTYPE;;2;88.00;394541.137466;16664.982405;85.045557;170.478598;8.161690;0;169.603453
2444.00;49217119#2_0;0.20;7.93;2255.00;0.00;567060342#0_0;5.10;0.00;tripinfo_451 emissions_451 fcd_451;189.00;451;0;838.10;1.01;0.00;93.23;DEFAULT_VEHTYPE;;3;71.00;379112.346986;14079.202185;72.910971;162.075118;7.541794;0;162.969782
2445.00;542428845#0_0;99.31;7.20;2230.00;0.00;40668087#1_0;5.10;0.00;tripinfo_446 emissions_446 fcd_446;215.00;446;0;671.52;1.00;0.00;134.62;DEFAULT_VEHTYPE;;5;108.00;427345.215891;19238.936762;97.561405;187.326462;9.220105;0;183.705527
2456.00;337277957#6_0;116.59;6.12;2180.00;0.00;337277984#3_0;5.10;0.00;tripinfo_436 emissions_436 fcd_436;276.00;436;0;1140.15;0.87;0.00;119.15;DEFAULT_VEHTYPE;;4;87.00;459787.283024;17913.460617;92.161031;195.619639;8.903063;0;197.650702
2461.00;337277957#3_0;107.35;6.37;2425.00;0.00;351440624#4_0;0.20;0.00;tripinfo_485 emissions_485 fcd_485;36.00;485;0;221.74;0.86;0.00;7.76;DEFAULT_VEHTYPE;;1;4.00;75270.216744;2129.538767;11.440070;31.564991;1.380791;0;32.356152
2482.00;49217108#3_0;11.69;7.76;2245.00;0.00;49217104#1_0;5.10;0.00;tripinfo_449 emissions_449 fcd_449;237.00;449;0;930.11;0.96;0.00;124.52;DEFAULT_VEHTYPE;;4;87.00;458009.916945;17738.063380;91.443003;198.218850;9.450408;0;196.885720
2483.00;42143912#1_0;39.80;7.26;2235.00;0.00;351440624#0_0;5.10;0.00;tripinfo_447 emissions_447 fcd_447;248.00;447;0;1360.21;0.90;0.00;103.76;DEFAULT_VEHTYPE;;2;83.00;489712.544069;17722.857500;92.030426;206.749538;9.421313;0;210.513858
2484.00;492471759#4_0;55.41;8.91;2280.00;0.00;42141326#0_0;5.10;0.00;tripinfo_456 emissions_456 fcd_456;204.00;456;0;1135.53;1.16;0.00;110.34;DEFAULT_VEHTYPE;;5;78.00;450775.737865;14225.668974;75.323319;190.990533;8.894288;0;193.773957
2490.00;554582106#2_0;55.58;8.76;2305.00;0.00;49217110#2_0;5.10;0.00;tripinfo_461 emissions_461 fcd_461;185.00;461;0;646.81;1.11;0.00;102.11;DEFAULT_VEHTYPE;;3;81.00;379815.065548;16138.954729;82.306138;164.509252;7.880062;0;163.273101
2492.00;492471759#2_0;68.11;8.50;2175.00;0.00;49217104#0_0;5.10;0.00;tripinfo_435 emissions_435 fcd_435;317.00;435;0;1094.48;1.16;0.00;207.08;DEFAULT_VEHTYPE;;7;166.00;702677.339879;29057.105328;148.709187;305.409092;14.841788;0;302.062586
2497.00;492443337#3_0;247.77;7.13;2295.00;0.00;49217121_0;5.10;0.00;tripinfo_459 emissions_459 fcd_459;202.00;459;0;1013.19;0.96;0.00;68.22;DEFAULT_VEHTYPE;;2;46.00;352956.717342;12223.005388;63.766890;147.836790;6.477971;0;151.726235
2498.00;337277981#1_1;45.91;7.78;2365.00;0.00;567060339#1_0;5.10;0.00;tripinfo_473 emissions_473 fcd_473;133.00;473;0;633.49;1.02;0.00;58.77;DEFAULT_VEHTYPE;;3;40.00;272446.473876;9222.115343;48.315804;115.778977;5.282130;0;117.116533
2499.00;492471412#0_0;27.70;9.41;2265.00;0.00;49222369#0_0;5.10;0.00;tripinfo_453 emissions_453 fcd_453;234.00;453;0;1035.73;1.18;0.00;100.06;DEFAULT_VEHTYPE;;2;78.00;448807.793365;17574.637012;90.394954;191.289217;8.819734;0;192.930832
2513.00;492471759#4_0;55.41;7.50;2386.00;6.00;567060339#2_0;0.20;0.00;tripinfo_476 emissions_476 fcd_476;127.00;476;0;716.56;0.97;0.00;43.51;DEFAULT_VEHTYPE;;3;23.00;238995.336990;6589.497904;35.508040;98.781209;4.180153;0;102.736291
2515.00;554582106#4_0;50.77;8.00;2420.00;0.00;49217102_0;5.10;0.00;tripinfo_484 emissions_484 fcd_484;95.00;484;0;697.12;1.08;0.00;25.98;DEFAULT_VEHTYPE;;1;15.00;191140.997208;4319.775455;24.085333;77.611806;3.220017;0;82.164710
2517.00;45429543#5_0;21.13;7.66;2390.00;0.00;337277951#1_0;5.10;0.00;tripinfo_478 emissions_478 fcd_478;127.00;478;0;623.40;0.98;0.00;56.52;DEFAULT_VEHTYPE;;1;45.00;261683.257300;9626.730987;49.912634;111.752577;5.197358;0;112.490246
2524.00;554582106#9_0;0.20;10.01;2440.00;0.00;337277981#3_0;5.10;0.00;tripinfo_488 emissions_488 fcd_488;84.00;488;0;768.59;1.20;0.00;13.54;DEFAULT_VEHTYPE;;0;0.00;195414.385247;3309.069458;19.614241;79.430446;3.291420;0;84.000732
2526.00;42141326#12_0;100.79;7.87;2310.00;0.00;49217116#1_0;5.10;0.00;tripinfo_462 emissions_462 fcd_462;216.00;462;0;995.69;0.86;0.00;97.39;DEFAULT_VEHTYPE;;4;71.00;429044.883631;15653.751860;81.211931;182.401208;8.356333;0;184.434401
2527.00;542428844#1_0;40.23;9.28;2300.00;0.00;49217119#0_0;0.20;0.00;tripinfo_460 emissions_460 fcd_460;227.00;460;0;972.07;1.17;0.00;134.02;DEFAULT_VEHTYPE;;4;99.00;488802.767919;18389.903840;95.162136;210.949071;10.112886;0;210.122286
2534.00;554582106#3_0;94.14;9.15;2340.00;0.00;45429543#2_0;5.10;0.00;tripinfo_468 emissions_468 fcd_468;194.00;468;0;642.15;1.11;0.00;117.53;DEFAULT_VEHTYPE;;4;92.00;366127.511871;15166.253309;77.573593;158.614188;7.606229;0;157.388814
2539.00;49217109#1_0;0.20;5.13;2220.00;0.00;42141326#4_0;5.10;0.00;tripinfo_444 emissions_444 fcd_444;319.00;444;0;1094.62;0.93;0.00;192.24;DEFAULT_VEHTYPE;;6;155.00;632988.123634;27461.673294;139.811172;276.738484;13.565530;0;272.105782
2539.00;542429228_0;102.32;4.50;2370.00;0.00;567060339#2_0;0.20;0.00;tripinfo_474 emissions_474 fcd_474;169.00;474;0;547.74;0.82;0.00;79.87;DEFAULT_VEHTYPE;;3;60.00;291934.028167;13092.744897;66.377815;127.019727;6.099731;0;125.495710
2548.00;49217117_0;109.03;6.59;2525.00;0.00;49217119#1_0;5.10;0.00;tripinfo_505 emissions_505 fcd_505;23.00;505;0;146.75;0.93;0.00;3.57;DEFAULT_VEHTYPE;;0;0.00;44820.167169;1130.464283;6.183891;18.696504;0.796755;0;19.266607
2557.00;42143918#3_1;26.32;11.13;2455.00;0.00;337277981#2_0;5.10;0.00;tripinfo_491 emissions_491 fcd_491;102.00;491;0;558.29;1.12;0.00;43.68;DEFAULT_VEHTYPE;;1;31.00;231074.235816;7501.145125;39.534028;98.063821;4.490334;0;99.331585
2576.00;554582106#0_0;0.20;4.29;2415.00;0.00;337277951#3_0;0.92;0.00;tripinfo_483 emissions_483 fcd_483;161.00;483;0;702.01;0.95;0.00;71.65;DEFAULT_VEHTYPE;;2;49.00;290530.288729;10930.219735;56.483824;123.513953;5.649140;0;124.891139
2581.00;554582106#8_0;0.20;7.94;2405.00;0.00;492471759#6_0;5.10;0.00;tripinfo_481 emissions_481 fcd_481;176.00;481;0;647.14;0.96;0.00;100.37;DEFAULT_VEHTYPE;;4;78.00;356958.667502;14452.554206;74.135864;155.218000;7.497663;0;153.446947
2600.00;337277973#2_1;0.20;6.83;2360.00;0.00;42141326#2_0;5.10;0.00;tripinfo_472 emissions_472 fcd_472;240.00;472;0;1075.44;0.90;0.00;113.10;DEFAULT_VEHTYPE;;3;85.00;465002.524906;17466.842243;90.304527;198.220043;9.151743;0;199.891878
2603.00;42143918#0_0;102.82;10.16;2480.00;0.00;42143920#0_0;5.10;0.00;tripinfo_496 emissions_496 fcd_496;123.00;496;0;574.49;1.02;0.00;59.88;DEFAULT_VEHTYPE;;2;43.00;252484.410007;9054.298008;47.107386;108.140478;5.057948;0;108.535651
2616.00;554582106#2_0;55.58;6.85;2275.00;0.00;42143920#1_0;5.10;0.00;tripinfo_455 emissions_455 fcd_455;341.00;455;0;1199.70;0.89;0.00;183.19;DEFAULT_VEHTYPE;;5;136.00;670951.483338;28028.276733;143.201438;290.496316;13.858702;0;288.425098
2619.00;42143912#4_0;0.20;7.99;2510.00;0.00;42141326#6_0;0.46;0.00;tripinfo_502 emissions_502 fcd_502;109.00;502;0;401.25;1.01;0.00;70.97;DEFAULT_VEHTYPE;;3;53.00;244759.553316;9574.225914;49.313490;105.878603;5.105111;0;105.215362
2626.00;49217109#0_0;0.20;5.57;2400.00;0.00;49217119#2_0;0.20;0.00;tripinfo_480 emissions_480 fcd_480;226.00;480;0;1087.77;1.03;0.00;107.45;DEFAULT_VEHTYPE;;4;84.00;466116.517394;16879.924973;87.665292;197.771077;9.085215;0;200.370386
2629.00;554582106#3_0;94.14;6.98;2190.00;0.00;351440624#7_0;5.10;0.00;tripinfo_438 emissions_438 fcd_438;439.00;438;0;1518.99;0.87;0.00;238.87;DEFAULT_VEHTYPE;;7;192.00;844723.168697;36604.641671;186.308437;367.370554;17.743416;0;363.125861
2630.00;337277977#1_0;126.81;6.99;2330.00;0.00;337277984#4_0;5.10;0.00;tripinfo_466 emissions_466 fcd_466;300.00;466;0;892.23;0.98;0.00;205.64;DEFAULT_VEHTYPE;;6;166.00;625056.732457;28236.189809;143.179642;274.841654;13.686935;0;268.696820
2637.00;337277970#2_1;0.20;9.31;2476.00;1.00;42143918#0_0;5.10;0.00;tripinfo_495 emissions_495 fcd_495;161.00;495;0;736.81;1.14;0.00;90.29;DEFAULT_VEHTYPE;;2;71.00;350095.642104;13326.872191;68.866353;151.112517;7.262262;0;150.496186
2641.00;567060339#2_0;0.20;6.74;2335.00;0.00;45429543#3_0;5.10;0.00;tripinfo_467 emissions_467 fcd_467;306.00;467;0;955.89;0.94;0.00;186.13;DEFAULT_VEHTYPE;;6;151.00;606955.809310;27087.899390;137.488086;265.923195;13.068770;0;260.915676
2653.00;337277951#2_1;15.50;6.46;2530.00;0.00;49217108#3_0;5.10;0.00;tripinfo_506 emissions_506 fcd_506;123.00;506;0;370.83;0.81;0.00;66.25;DEFAULT_VEHTYPE;;2;54.00;234306.514151;10371.629215;52.650644;101.659801;4.858968;0;100.722914
2666.00;337277981#3_1;16.64;7.13;2470.00;0.00;492471410#0_0;5.10;0.00;tripinfo_494 emissions_494 fcd_494;196.00;494;0;836.70;1.00;0.00;93.00;DEFAULT_VEHTYPE;;2;76.00;393736.538084;15543.564220;79.915869;169.410047;7.977135;0;169.256864
2668.00;554582106#1_0;37.29;7.51;2476.00;26.00;337277970#2_0;0.20;0.00;tripinfo_490 emissions_490 fcd_490;192.00;490;0;794.82;0.99;0.00;94.84;DEFAULT_VEHTYPE;;4;68.00;382079.073495;14663.206759;75.634438;163.868459;7.661925;0;164.245393
2668.00;49217108#1_0;0.10;8.62;2542.00;2.00;337277981#0_0;0.20;0.00;tripinfo_508 emissions_508 fcd_508;126.00;508;0;621.27;1.08;0.00;55.35;DEFAULT_VEHTYPE;;2;38.00;259451.026283;8917.257583;46.616708;110.075941;5.002900;0;111.530340
2669.00;337277977#1_0;126.81;7.87;2570.00;0.00;337277981#4_0;0.20;0.00;tripinfo_514 emissions_514 fcd_514;99.00;514;0;562.53;0.96;0.00;27.44;DEFAULT_VEHTYPE;;2;5.00;161350.648541;4309.396059;23.319743;66.390636;2.729554;0;69.359366
2683.00;42143918#0_0;102.82;9.79;2435.00;0.00;42141326#11_0;5.10;0.00;tripinfo_487 emissions_487 fcd_487;248.00;487;0;752.67;0.95;0.00;172.07;DEFAULT_VEHTYPE;;5;144.00;563122.445842;25345.320406;128.590789;248.016290;12.417805;0;242.072567
2683.00;42141326#15_1;77.72;11.52;2591.00;1.00;351440624#7_0;5.10;0.00;tripinfo_518 emissions_518 fcd_518;92.00;518;0;512.42;1.06;0.00;39.31;DEFAULT_VEHTYPE;;2;11.00;188845.810949;4586.776470;25.300479;79.757585;3.555211;0;81.177724
2684.00;42141326#16_1;15.63;9.09;2555.00;0.00;553352498#1_0;5.10;0.00;tripinfo_511 emissions_511 fcd_511;129.00;511;0;762.74;0.92;0.00;36.64;DEFAULT_VEHTYPE;;3;15.00;239114.266174;6208.801000;33.771045;98.430192;4.099555;0;102.787198
2686.00;337277957#3_0;107.35;7.31;2637.00;2.00;567060339#1_0;5.10;0.00;tripinfo_527 emissions_527 fcd_527;49.00;527;0;269.38;1.00;0.00;16.14;DEFAULT_VEHTYPE;;1;10.00;86475.047289;2547.037142;13.604171;36.491185;1.620873;0;37.172768
2703.00;492471759#2_0;68.11;4.82;2389.00;4.00;42141326#7_0;0.20;0.00;tripinfo_477 emissions_477 fcd_477;314.00;477;0;881.34;1.03;0.00;220.30;DEFAULT_VEHTYPE;;8;177.00;640270.424622;28590.969773;145.131735;280.705399;13.877051;0;275.236743
2706.00;492471412#0_0;27.70;9.23;2460.00;0.00;49217119#2_0;0.20;0.00;tripinfo_492 emissions_492 fcd_492;246.00;492;0;1129.81;1.11;0.00;137.02;DEFAULT_VEHTYPE;;5;108.00;530626.133128;19984.727051;103.388067;228.255809;10.895196;0;228.101118
2707.00;42143918#2_1;54.26;11.99;2490.00;0.00;42141326#8_0;5.10;0.00;tripinfo_498 emissions_498 fcd_498;217.00;498;0;594.71;1.11;0.00;165.16;DEFAULT_VEHTYPE;;5;136.00;532346.520139;23182.915288;118.065369;234.733998;11.814148;0;228.841991
2710.00;42143920#0_0;19.96;6.93;2448.00;3.00;42141326#11_0;5.10;0.00;tripinfo_489 emissions_489 fcd_489;262.00;489;0;766.19;0.90;0.00;176.43;DEFAULT_VEHTYPE;;6;134.00;547108.508848;24228.948094;123.090508;239.780532;11.816814;0;235.188563
2713.00;49217102_0;98.88;8.28;2665.00;0.00;49217110#3_0;0.20;0.00;tripinfo_533 emissions_533 fcd_533;48.00;533;0;106.39;1.14;0.00;36.54;DEFAULT_VEHTYPE;;1;34.00;119838.491743;6314.031223;31.561355;53.852704;2.813819;0;51.516166
2716.00;567060339#3_0;100.84;7.33;2505.00;0.00;45429543#4_0;5.10;0.00;tripinfo_501 emissions_501 fcd_501;211.00;501;0;973.43;0.94;0.00;84.66;DEFAULT_VEHTYPE;;3;61.00;376564.152469;13614.136169;70.658745;158.776097;7.077736;0;161.874651
2718.00;554582106#3_0;94.14;9.02;2430.00;0.00;492471759#6_0;5.10;0.00;tripinfo_486 emissions_486 fcd_486;288.00;486;0;973.53;1.19;0.00;185.55;DEFAULT_VEHTYPE;;6;132.00;582981.365724;23875.885246;122.307520;253.487761;12.240325;0;250.608275
2735.00;337277951#3_1;0.92;8.74;2580.00;0.00;49217119#1_0;5.10;0.00;tripinfo_516 emissions_516 fcd_516;155.00;516;0;941.44;1.14;0.00;63.22;DEFAULT_VEHTYPE;;2;40.00;354501.796148;10326.558306;55.281336;149.244624;6.734350;0;152.388478
2756.00;42143918#7_1;103.14;12.17;2605.00;0.00;492471410#0_0;5.10;0.00;tripinfo_521 emissions_521 fcd_521;151.00;521;0;887.94;1.19;0.00;66.52;DEFAULT_VEHTYPE;;1;46.00;320089.361238;10543.893724;55.461876;135.504410;6.222664;0;137.596567
2759.00;492471759#2_0;68.11;7.89;2585.00;0.00;337277951#1_0;5.10;0.00;tripinfo_517 emissions_517 fcd_517;174.00;517;0;619.54;1.10;0.00;105.22;DEFAULT_VEHTYPE;;3;85.00;372376.327502;15407.887206;78.829075;161.421631;7.773486;0;160.074962
2761.00;45429543#3_0;92.24;7.43;2600.00;0.00;492471410#0_0;5.10;0.00;tripinfo_520 emissions_520 fcd_520;161.00;520;0;646.28;0.90;0.00;76.93;DEFAULT_VEHTYPE;;2;61.00;316970.378898;12836.399818;65.775846;135.726950;6.314256;0;136.257571
2785.00;554582106#11_0;237.48;6.99;2567.00;7.00;337277981#4_0;0.20;0.00;tripinfo_512 emissions_512 fcd_512;218.00;512;0;1106.67;0.84;0.00;73.86;DEFAULT_VEHTYPE;;3;51.00;387562.828573;13386.044847;69.861616;162.329431;7.122093;0;166.602398
2800.00;337277984#2_1;62.30;8.29;2575.00;0.00;40668087#1_0;5.10;0.00;tripinfo_515 emissions_515 fcd_515;225.00;515;0;623.33;0.85;0.00;137.85;DEFAULT_VEHTYPE;;4;115.00;438620.685163;20741.197176;104.646000;192.767771;9.529817;0;188.553325
2826.00;337277981#3_1;16.64;4.85;2720.00;0.00;42141326#9_0;5.10;0.00;tripinfo_544 emissions_544 fcd_544;106.00;544;0;503.17;1.03;0.00;54.95;DEFAULT_VEHTYPE;;2;34.00;210928.534653;7043.750986;36.988036;90.001512;4.164096;0;90.671640
2828.00;337277970#1_1;79.16;6.99;2710.00;0.00;42143918#0_0;5.10;0.00;tripinfo_542 emissions_542 fcd_542;118.00;542;0;733.87;0.98;0.00;37.03;DEFAULT_VEHTYPE;;1;19.00;233418.878576;6479.659187;34.914698;97.470886;4.260117;0;100.338936
2842.00;42143918#4_0;41.27;9.34;2520.00;0.00;542428845#0_0;5.10;0.00;tripinfo_504 emissions_504 fcd_504;322.00;504;0;1007.11;0.91;0.00;198.48;DEFAULT_VEHTYPE;;6;157.00;623007.636563;27382.920202;139.195736;272.206843;13.297459;0;267.815787
2846.00;351440624#6_0;94.39;11.82;2535.00;0.00;492471758#1_0;5.10;0.00;tripinfo_507 emissions_507 fcd_507;311.00;507;0;921.27;1.10;0.00;208.85;DEFAULT_VEHTYPE;;7;174.00;656900.074412;29389.622690;149.162937;288.131882;14.272568;0;282.385430
2853.00;542428845#0_0;99.31;7.11;2785.00;0.00;337277973#1_0;5.10;0.00;tripinfo_557 emissions_557 fcd_557;68.00;557;0;291.87;0.86;0.00;26.87;DEFAULT_VEHTYPE;;1;18.00;123384.005004;4219.481372;22.057155;52.121180;2.312525;0;53.039205
2863.00;542429228_0;102.32;4.31;2565.00;0.00;1053072563_0;5.10;0.00;tripinfo_513 emissions_513 fcd_513;298.00;513;0;972.94;0.85;0.00;155.15;DEFAULT_VEHTYPE;;6;117.00;530158.646421;22605.463176;115.210343;229.414905;10.888815;0;227.902271
2880.00;542428845#1_0;0.20;2.47;2685.00;0.00;49222369#3_0;5.10;0.00;tripinfo_537 emissions_537 fcd_537;195.00;537;0;862.35;1.12;0.00;101.97;DEFAULT_VEHTYPE;;4;78.00;402426.698468;15397.098391;79.479565;173.045523;8.195864;0;172.992088
2889.00;42143920#0_0;19.96;8.10;2645.00;0.00;49222369#0_0;5.10;0.00;tripinfo_529 emissions_529 fcd_529;244.00;529;0;1016.27;1.12;0.00;117.07;DEFAULT_VEHTYPE;;3;88.00;479740.096269;18935.799465;97.366723;206.379784;9.745874;0;206.227485
2889.00;337277977#0_0;97.57;6.79;2750.00;0.00;42141326#16_0;5.10;0.00;tripinfo_550 emissions_550 fcd_550;139.00;550;0;756.14;0.95;0.00;54.88;DEFAULT_VEHTYPE;;1;39.00;288430.771684;9488.645854;49.863476;120.563040;5.331558;0;123.987899
2890.00;337277981#1_0;45.91;8.32;2840.00;0.00;42143912#3_0;5.10;0.00;tripinfo_568 emissions_568 fcd_568;50.00;568;0;159.14;1.11;0.00;31.88;DEFAULT_VEHTYPE;;1;25.00;112804.430799;4705.901709;24.075414;49.743040;2.474660;0;48.491553
2891.00;492471758#0_0;44.88;5.89;2690.00;0.00;49217116#2_0;5.10;0.00;tripinfo_538 emissions_538 fcd_538;201.00;538;0;1114.22;1.26;0.00;100.44;DEFAULT_VEHTYPE;;5;61.00;433482.161891;12149.663273;65.458951;182.942072;8.331508;0;186.338961
2895.00;337277984#3_1;29.42;8.86;2820.00;0.00;40668087#4_0;5.10;0.00;tripinfo_564 emissions_564 fcd_564;75.00;564;0;310.73;0.80;0.00;31.45;DEFAULT_VEHTYPE;;1;23.00;151606.269590;5753.988281;29.692418;64.304224;2.906131;0;65.171543
2896.00;337277957#2_0;101.93;7.26;2595.00;0.00;337277984#4_0;5.10;0.00;tripinfo_519 emissions_519 fcd_519;301.00;519;0;1083.38;0.99;0.00;181.58;DEFAULT_VEHTYPE;;5;147.00;612376.769237;26051.693466;132.910024;266.918663;13.027300;0;263.245201
2907.00;42201285#1_0;31.78;8.22;2615.00;0.00;337277973#1_0;5.10;0.00;tripinfo_523 emissions_523 fcd_523;292.00;523;0;1088.98;1.07;0.00;183.41;DEFAULT_VEHTYPE;;7;142.00;620179.716511;24958.388555;128.149693;269.992729;13.150219;0;266.598341
2910.00;337277951#4_0;36.12;6.57;2845.00;0.00;49217110#3_0;0.20;0.00;tripinfo_569 emissions_569 fcd_569;65.00;569;0;206.79;0.92;0.00;37.37;DEFAULT_VEHTYPE;;1;34.00;144325.917750;6916.969490;34.855302;63.468443;3.155423;0;62.042576
2932.00;42143918#4_0;41.27;11.91;2630.00;0.00;45429543#0_0;5.10;0.00;tripinfo_526 emissions_526 fcd_526;302.00;526;0;904.58;1.11;0.00;215.45;DEFAULT_VEHTYPE;;6;181.00;680391.241405;30169.052065;153.323900;299.607693;15.033377;0;292.483145
2936.00;337277951#3_1;0.92;7.64;2810.00;0.00;49217116#0_0;5.10;0.00;tripinfo_562 emissions_562 fcd_562;126.00;562;0;894.91;0.98;0.00;24.11;DEFAULT_VEHTYPE;;1;8.00;227973.376728;5105.702311;28.473758;92.015567;3.665472;0;97.997806
2940.00;49217108#0_0;88.12;8.17;2745.00;0.00;49217108#2_0;5.10;0.00;tripinfo_549 emissions_549 fcd_549;195.00;549;0;844.76;1.10;0.00;101.39;DEFAULT_VEHTYPE;;4;77.00;389022.489891;14757.159395;76.237835;166.909420;7.836084;0;167.229995
2940.00;492471414_0;102.68;7.74;2793.00;3.00;42141326#7_0;0.20;0.00;tripinfo_558 emissions_558 fcd_558;147.00;558;0;769.61;1.01;0.00;57.86;DEFAULT_VEHTYPE;;2;39.00;291618.254412;9540.846232;50.187772;122.717787;5.472559;0;125.357903
2941.00;492471759#5_0;37.25;7.83;2795.00;0.00;49217104#1_0;5.10;0.00;tripinfo_559 emissions_559 fcd_559;146.00;559;0;818.08;0.99;0.00;53.54;DEFAULT_VEHTYPE;;2;28.00;312800.152588;9346.470917;49.817801;131.769464;5.870859;0;134.462588
2942.00;45429543#1_0;100.11;6.94;2610.00;0.00;492471758#0_0;5.10;0.00;tripinfo_522 emissions_522 fcd_522;332.00;522;0;978.22;0.93;0.00;207.42;DEFAULT_VEHTYPE;;6;175.00;667021.253577;30393.789450;153.924637;292.076229;14.362745;0;286.736914
2965.00;337277957#5_0;116.08;9.76;2650.00;0.00;554582106#3_0;5.10;0.00;tripinfo_530 emissions_530 fcd_530;315.00;530;0;1429.92;1.19;0.00;176.89;DEFAULT_VEHTYPE;;5;127.00;678649.101663;25017.794327;129.746669;291.521180;13.804212;0;291.731682
2975.00;49217104#1_1;20.12;8.19;2740.00;0.00;492471759#4_0;5.10;0.00;tripinfo_548 emissions_548 fcd_548;235.00;548;0;736.34;1.09;0.00;164.73;DEFAULT_VEHTYPE;;6;134.00;532218.119976;23093.198486;117.612896;233.432913;11.596859;0;228.787036
2981.00;42143918#3_1;26.32;11.50;2705.00;0.00;42141326#2_0;5.10;0.00;tripinfo_541 emissions_541 fcd_541;276.00;541;0;874.20;1.07;0.00;197.62;DEFAULT_VEHTYPE;;6;162.00;677160.829113;28859.554748;147.262878;296.087797;14.652698;0;291.093957
2983.00;42141326#12_0;100.79;10.17;2825.00;0.00;49222369#3_0;5.10;0.00;tripinfo_565 emissions_565 fcd_565;158.00;565;0;979.99;1.00;0.00;45.53;DEFAULT_VEHTYPE;;2;22.00;337551.704009;8904.001851;48.354011;140.068770;6.019877;0;145.101953
2984.00;42143918#3_1;26.32;10.30;2675.00;0.00;45429543#2_0;5.10;0.00;tripinfo_535 emissions_535 fcd_535;309.00;535;0;960.01;0.98;0.00;209.00;DEFAULT_VEHTYPE;;7;164.00;644653.454899;27911.691115;142.135745;281.452001;13.800966;0;277.120421
2985.00;337277957#2_0;101.93;7.70;2870.00;0.00;337277970#0_0;0.20;0.00;tripinfo_574 emissions_574 fcd_574;115.00;574;0;313.25;1.05;0.00;79.08;DEFAULT_VEHTYPE;;2;66.00;254839.450726;11960.535952;60.409525;112.346577;5.615829;0;109.549659
3012.00;337277951#0_1;0.20;4.90;2830.00;0.00;42141326#3_0;5.10;0.00;tripinfo_566 emissions_566 fcd_566;182.00;566;0;876.31;1.07;0.00;98.12;DEFAULT_VEHTYPE;;4;71.00;382568.613482;13636.572884;71.000238;163.035081;7.607973;0;164.455102
3019.00;49217121_0;99.72;6.97;2755.00;0.00;42141326#5_0;5.10;0.00;tripinfo_551 emissions_551 fcd_551;264.00;551;0;1089.21;0.96;0.00;139.14;DEFAULT_VEHTYPE;;5;95.00;521687.585733;19309.415574;100.038547;223.425022;10.398227;0;224.258770
3028.00;49217108#1_0;0.10;8.61;2835.00;0.00;553352498#1_0;5.10;0.00;tripinfo_567 emissions_567 fcd_567;193.00;567;0;755.80;1.13;0.00;111.37;DEFAULT_VEHTYPE;;4;90.00;395655.593084;16119.147198;82.593225;170.615578;8.129352;0;170.082106
3028.00;337277981#0_1;0.20;6.67;2925.00;0.00;351440624#2_0;5.10;0.00;tripinfo_585 emissions_585 fcd_585;103.00;585;0;764.61;1.23;0.00;37.91;DEFAULT_VEHTYPE;;1;20.00;243686.838022;6222.257551;34.035237;101.936986;4.604372;0;104.752169
3029.00;49217108#2_0;87.61;8.54;2970.00;0.00;49217108#0_0;5.10;0.00;tripinfo_594 emissions_594 fcd_594;59.00;594;0;182.36;1.06;0.00;37.50;DEFAULT_VEHTYPE;;1;30.00;131895.307345;5476.230525;28.006938;57.288722;2.762193;0;56.698382
3042.00;337277973#1_1;74.82;8.20;2895.00;0.00;492471412#0_0;5.10;0.00;tripinfo_579 emissions_579 fcd_579;147.00;579;0;830.38;1.01;0.00;45.75;DEFAULT_VEHTYPE;;1;25.00;283363.567806;8324.864166;44.438141;117.970770;5.076913;0;121.808991
3045.00;337277957#4_0;112.03;7.53;2727.00;2.00;554582106#5_0;0.21;0.00;tripinfo_545 emissions_545 fcd_545;318.00;545;0;1150.07;1.02;0.00;191.36;DEFAULT_VEHTYPE;;6;151.00;680176.218348;28423.793189;145.279654;295.726604;14.331766;0;292.390217
3046.00;492443337#3_0;247.77;8.47;2860.00;0.00;42141326#8_0;5.10;0.00;tripinfo_572 emissions_572 fcd_572;186.00;572;0;1023.90;1.03;0.00;68.66;DEFAULT_VEHTYPE;;3;41.00;351157.458837;10512.216595;55.953982;145.730417;6.264730;0;150.951668
3049.00;42143918#9_0;96.11;10.02;2885.00;0.00;49217119#1_0;5.10;0.00;tripinfo_577 emissions_577 fcd_577;164.00;577;0;1029.52;1.01;0.00;66.91;DEFAULT_VEHTYPE;;2;46.00;339576.966305;10223.540881;54.414548;140.862244;6.204627;0;145.973506
3062.00;542428844#0_0;0.20;6.08;2815.00;0.00;554582106#6_0;1.23;0.00;tripinfo_563 emissions_563 fcd_563;247.00;563;0;708.46;0.97;0.00;168.48;DEFAULT_VEHTYPE;;6;132.00;518848.071227;22644.567752;115.240973;227.921130;11.282216;0;223.039688
3070.00;337277951#2_0;15.50;6.10;2960.00;0.00;337277957#0_0;5.10;0.00;tripinfo_592 emissions_592 fcd_592;110.00;592;0;474.35;0.76;0.00;33.94;DEFAULT_VEHTYPE;;1;18.00;197350.639149;7121.896657;36.952235;83.115527;3.636084;0;84.835715
3087.00;567060339#2_0;0.20;8.44;2800.00;0.00;542428845#0_0;5.10;0.00;tripinfo_560 emissions_560 fcd_560;287.00;560;0;1069.87;1.10;0.00;172.23;DEFAULT_VEHTYPE;;6;138.00;604100.347381;24450.439459;125.405633;261.536006;12.558447;0;259.686744
3098.00;49217109#3_0;74.65;4.55;2915.00;0.00;42143912#2_0;5.10;0.00;tripinfo_583 emissions_583 fcd_583;183.00;583;0;701.33;1.05;0.00;95.17;DEFAULT_VEHTYPE;;3;69.00;357317.801822;14162.151162;72.782157;154.001219;7.264959;0;153.601417
3107.00;542428844#0_0;0.20;5.02;2990.00;0.00;49217110#0_0;5.10;0.00;tripinfo_598 emissions_598 fcd_598;117.00;598;0;320.89;0.93;0.00;74.43;DEFAULT_VEHTYPE;;2;62.00;238960.501257;11266.362538;56.860767;104.986451;5.193140;0;102.723805
3109.00;42141326#11_0;100.60;5.60;2920.00;0.00;337277951#0_0;0.20;0.00;tripinfo_584 emissions_584 fcd_584;189.00;584;0;864.87;0.97;0.00;97.77;DEFAULT_VEHTYPE;;3;78.00;402576.581825;15571.795544;80.264102;172.685317;8.144945;0;173.056754
3115.00;337277951#2_1;15.50;8.52;2980.00;0.00;337277977#0_0;5.10;0.00;tripinfo_596 emissions_596 fcd_596;135.00;596;0;661.94;1.04;0.00;59.48;DEFAULT_VEHTYPE;;3;35.00;266287.075406;8030.675964;42.734711;111.815327;4.944725;0;114.468279
3119.00;492471414_0;102.68;9.02;3065.00;0.00;492471412#0_0;5.10;0.00;tripinfo_613 emissions_613 fcd_613;54.00;613;0;320.40;1.12;0.00;18.82;DEFAULT_VEHTYPE;;1;12.00;108311.527029;2863.649938;15.553567;45.241246;1.975377;0;46.559365
3120.00;337277957#0_1;98.10;7.90;2910.00;0.00;49217119#2_0;0.20;0.00;tripinfo_582 emissions_582 fcd_582;210.00;582;0;967.64;1.05;0.00;107.28;DEFAULT_VEHTYPE;;4;84.00;424024.299449;16358.796757;84.356385;182.255648;8.628470;0;182.276429
3121.00;45429543#3_0;92.24;7.00;3005.00;0.00;49217108#2_0;5.10;0.00;tripinfo_601 emissions_601 fcd_601;116.00;601;0;522.90;0.93;0.00;50.59;DEFAULT_VEHTYPE;;2;36.00;221226.559955;8062.996913;41.848038;94.632769;4.378353;0;95.098986
3124.00;40668087#4_0;102.89;7.92;2880.00;0.00;49217121_0;5.10;0.00;tripinfo_576 emissions_576 fcd_576;244.00;576;0;847.14;0.97;0.00;143.56;DEFAULT_VEHTYPE;;4;111.00;500167.128154;20830.840750;106.471340;216.585593;10.353035;0;215.009141
3156.00;492471412#0_0;27.70;5.70;2935.00;0.00;337277951#0_0;0.20;0.00;tripinfo_587 emissions_587 fcd_587;221.00;587;0;670.80;0.83;0.00;131.56;DEFAULT_VEHTYPE;;3;113.00;446758.995420;20933.635088;105.707465;195.842071;9.646237;0;192.051744
3161.00;42141326#16_0;15.63;14.07;2930.00;0.00;40668087#2_0;5.10;0.00;tripinfo_586 emissions_586 fcd_586;231.00;586;0;981.85;1.32;0.00;155.28;DEFAULT_VEHTYPE;;5;117.00;588268.742993;21119.622522;110.023467;255.376519;12.530239;0;252.878524
3161.00;337277984#6_0;117.80;11.24;3045.00;0.00;337277981#4_0;0.20;0.00;tripinfo_609 emissions_609 fcd_609;116.00;609;0;867.81;1.02;0.00;29.64;DEFAULT_VEHTYPE;;2;16.00;208768.858697;4966.893874;27.435517;85.074248;3.546413;0;89.742456
3166.00;42141326#12_0;100.79;11.42;3010.00;0.00;42143912#2_0;5.10;0.00;tripinfo_602 emissions_602 fcd_602;156.00;602;0;489.16;1.11;0.00;107.39;DEFAULT_VEHTYPE;;4;81.00;371709.517333;15064.014323;77.301821;162.558689;7.986597;0;159.787704
3168.00;42143918#9_0;96.11;8.88;2905.00;0.00;49217123_0;5.10;0.00;tripinfo_581 emissions_581 fcd_581;263.00;581;0;1313.73;0.88;0.00;105.44;DEFAULT_VEHTYPE;;4;77.00;491861.535955;17442.705647;90.768389;207.214316;9.277778;0;211.437548
3169.00;42143918#3_0;26.32;6.04;3105.00;0.00;42141326#13_0;5.10;0.00;tripinfo_621 emissions_621 fcd_621;64.00;621;0;292.18;0.89;0.00;29.42;DEFAULT_VEHTYPE;;2;17.00;131703.032624;4153.307056;21.980016;56.203246;2.572726;0;56.614865
3181.00;42201285#1_0;31.78;8.50;2945.00;0.00;49222369#3_0;5.10;0.00;tripinfo_589 emissions_589 fcd_589;236.00;589;0;791.82;1.05;0.00;145.90;DEFAULT_VEHTYPE;;4;122.00;513133.662597;22426.792922;114.114569;225.169497;11.144665;0;220.583272
3188.00;337277970#0_1;0.20;4.79;2995.00;0.00;554582106#5_0;0.21;0.00;tripinfo_599 emissions_599 fcd_599;193.00;599;0;605.47;0.89;0.00;121.29;DEFAULT_VEHTYPE;;3;100.00;401773.971599;18012.671636;91.365724;175.297748;8.562514;0;172.713170
3200.00;337277981#3_1;16.64;7.81;3085.00;0.00;49217110#2_0;5.10;0.00;tripinfo_617 emissions_617 fcd_617;115.00;617;0;515.42;0.98;0.00;50.02;DEFAULT_VEHTYPE;;2;35.00;226333.018367;8207.945548;42.620892;96.685251;4.448755;0;97.294111
3202.00;42143912#1_0;39.80;8.01;2940.00;0.00;337277984#4_0;5.10;0.00;tripinfo_588 emissions_588 fcd_588;262.00;588;0;899.27;1.05;0.00;176.33;DEFAULT_VEHTYPE;;6;140.00;611654.353179;25732.786011;131.475803;266.873366;13.115286;0;262.934290
3203.00;492471759#4_0;55.41;9.54;2985.00;0.00;42141326#15_0;5.10;0.00;tripinfo_597 emissions_597 fcd_597;218.00;597;0;922.34;1.17;0.00;134.73;DEFAULT_VEHTYPE;;4;108.00;499488.700417;19231.712345;99.271801;216.464101;10.519317;0;214.715986
3205.00;337277984#2_1;62.30;12.95;3055.00;0.00;49217119#0_0;0.20;0.00;tripinfo_611 emissions_611 fcd_611;150.00;611;0;881.82;1.20;0.00;73.70;DEFAULT_VEHTYPE;;3;47.00;364127.200747;10737.863614;57.428481;154.641609;7.173020;0;156.525872
3210.00;49217108#1_0;0.10;7.64;2865.00;0.00;492471758#0_0;5.10;0.00;tripinfo_573 emissions_573 fcd_573;345.00;573;0;1070.45;0.94;0.00;200.62;DEFAULT_VEHTYPE;;7;164.00;658968.720146;29268.284178;148.555999;286.519195;13.810425;0;283.275204
3214.00;42201285#2_0;97.71;6.89;3100.00;0.00;337277957#2_0;5.10;0.00;tripinfo_620 emissions_620 fcd_620;114.00;620;0;642.01;0.86;0.00;32.97;DEFAULT_VEHTYPE;;1;16.00;205613.934200;5911.611539;31.664094;85.800039;3.703499;0;88.386747
3215.00;42143918#5_0;51.02;11.61;3125.00;0.00;42201285#1_0;5.10;0.00;tripinfo_625 emissions_625 fcd_625;90.00;625;0;352.00;1.11;0.00;60.27;DEFAULT_VEHTYPE;;2;48.00;217361.756457;8739.397246;44.899787;95.056044;4.707331;0;93.437754
3228.00;554582106#5_0;0.21;8.54;3071.00;1.00;42143918#3_0;5.10;0.00;tripinfo_614 emissions_614 fcd_614;157.00;614;0;646.63;1.07;0.00;92.61;DEFAULT_VEHTYPE;;3;73.00;329249.754752;13197.228404;67.773946;142.525497;6.869949;0;141.535622
3235.00;49217116#2_0;17.96;7.20;3075.00;0.00;49217104#0_0;5.10;0.00;tripinfo_615 emissions_615 fcd_615;160.00;615;0;614.94;0.89;0.00;78.98;DEFAULT_VEHTYPE;;3;60.00;308159.207387;12062.676103;62.075950;132.699851;6.226145;0;132.469361
3238.00;42201285#2_0;97.71;7.69;3025.00;0.00;337277973#2_0;0.20;0.00;tripinfo_605 emissions_605 fcd_605;213.00;605;0;986.73;0.97;0.00;109.12;DEFAULT_VEHTYPE;;4;83.00;454107.731702;16072.500936;83.762911;194.191599;9.071550;0;195.207482
3242.00;40668087#4_0;102.89;7.54;3095.00;0.00;42141326#11_0;5.10;0.00;tripinfo_619 emissions_619 fcd_619;147.00;619;0;754.49;0.99;0.00;66.42;DEFAULT_VEHTYPE;;3;39.00;319502.454265;10026.951178;53.080020;135.166241;6.104987;0;137.343948
3242.00;542428844#0_0;0.20;5.97;3110.00;0.00;337277957#2_0;5.10;0.00;tripinfo_622 emissions_622 fcd_622;132.00;622;0;748.27;1.08;0.00;50.16;DEFAULT_VEHTYPE;;3;26.00;239227.159599;6647.675309;35.804083;99.608363;4.316464;0;102.835799
3249.00;42141326#8_0;26.91;9.17;3180.00;0.00;337277984#1_0;5.10;0.00;tripinfo_636 emissions_636 fcd_636;69.00;636;0;409.68;1.00;0.00;27.18;DEFAULT_VEHTYPE;;2;14.00;152738.639307;4049.753349;21.999686;64.253768;2.858830;0;65.656938
3251.00;42141326#16_0;15.63;12.55;3015.00;0.00;42141326#3_0;5.10;0.00;tripinfo_603 emissions_603 fcd_603;236.00;603;0;880.17;1.24;0.00;171.22;DEFAULT_VEHTYPE;;5;136.00;610755.186619;23823.255292;122.846855;266.106795;13.181352;0;262.546126
3259.00;492471759#2_0;68.11;6.18;3152.00;22.00;45429543#6_0;0.20;0.00;tripinfo_626 emissions_626 fcd_626;107.00;626;0;442.95;0.80;0.00;38.95;DEFAULT_VEHTYPE;;2;23.00;174896.129987;6427.443569;33.290771;74.126278;3.311605;0;75.183101
3287.00;554582106#11_0;237.48;8.81;3155.00;0.00;337277973#1_0;5.10;0.00;tripinfo_631 emissions_631 fcd_631;132.00;631;0;887.47;1.16;0.00;47.69;DEFAULT_VEHTYPE;;2;28.00;258458.978897;7260.581985;39.039990;106.656454;4.622388;0;111.103121
3291.00;42141326#7_0;0.20;7.45;3287.00;17.00;42141326#6_0;0.46;0.00;tripinfo_654 emissions_654 fcd_654;4.00;654;0;11.82;0.94;0.00;2.21;DEFAULT_VEHTYPE;;0;0.00;17980.417594;526.517962;2.820787;7.838687;0.370887;0;7.729130
3294.00;337277984#2_0;62.30;10.81;3165.00;0.00;42201285#0_0;5.10;0.00;tripinfo_633 emissions_633 fcd_633;129.00;633;0;705.23;1.06;0.00;57.99;DEFAULT_VEHTYPE;;3;37.00;283610.933783;8392.721206;44.843103;120.447860;5.521862;0;121.914753
3325.00;42143918#13_0;198.42;10.52;3170.00;0.00;40668087#1_0;5.10;0.00;tripinfo_634 emissions_634 fcd_634;155.00;634;0;1094.88;0.99;0.00;37.04;DEFAULT_VEHTYPE;;1;22.00;289644.619793;7413.365786;40.423732;118.185563;4.919421;0;124.508558
3329.00;42201285#2_0;97.71;6.90;3020.00;0.00;337277984#3_0;5.10;0.00;tripinfo_604 emissions_604 fcd_604;309.00;604;0;1232.52;0.96;0.00;180.67;DEFAULT_VEHTYPE;;6;145.00;677254.745576;26904.552282;138.297530;292.744180;14.047232;0;291.133525
3331.00;42143918#1_0;101.96;9.12;2975.00;0.00;492443336#0_0;5.10;0.00;tripinfo_595 emissions_595 fcd_595;356.00;595;0;1308.80;0.88;0.00;198.22;DEFAULT_VEHTYPE;;6;162.00;714394.456127;29868.094726;152.579643;308.352261;14.682121;0;307.100319
3333.00;42143918#7_0;103.14;10.15;3145.00;0.00;42141326#14_0;5.10;0.00;tripinfo_629 emissions_629 fcd_629;188.00;629;0;979.88;0.92;0.00;87.04;DEFAULT_VEHTYPE;;2;68.00;368691.749333;13161.893959;68.485865;156.213351;7.184089;0;158.490080
3333.00;42141326#12_1;100.79;5.86;3247.00;7.00;554582106#8_0;0.20;0.00;tripinfo_648 emissions_648 fcd_648;86.00;648;0;335.95;0.96;0.00;53.48;DEFAULT_VEHTYPE;;2;37.00;171819.101335;6541.399194;33.783832;73.847464;3.485264;0;73.860259
3341.00;42143920#0_0;19.96;6.48;3060.00;0.00;492471414_0;5.10;0.00;tripinfo_612 emissions_612 fcd_612;281.00;612;0;1096.71;0.88;0.00;143.34;DEFAULT_VEHTYPE;;5;101.00;534234.679959;20886.040266;107.473947;228.841738;10.646890;0;229.653361
3347.00;40668087#6_0;8.80;7.41;3205.00;0.00;49217123_0;5.10;0.00;tripinfo_641 emissions_641 fcd_641;142.00;641;0;640.78;0.94;0.00;58.65;DEFAULT_VEHTYPE;;2;41.00;259622.889075;9359.833075;48.616918;110.168039;4.987661;0;111.604606
3352.00;42143918#9_1;96.11;10.19;3280.00;0.00;554582106#9_0;0.20;0.00;tripinfo_656 emissions_656 fcd_656;72.00;656;0;317.46;1.03;0.00;40.96;DEFAULT_VEHTYPE;;1;32.00;170390.067674;6668.990377;34.330866;73.100938;3.466135;0;73.246118
3369.00;492443337#2_0;113.32;9.19;3160.00;0.00;42141326#3_0;5.10;0.00;tripinfo_632 emissions_632 fcd_632;209.00;632;0;1009.57;1.21;0.00;116.63;DEFAULT_VEHTYPE;;4;89.00;462428.631777;16086.389572;84.056283;197.844327;9.338154;0;198.784055
3390.00;337277981#0_1;0.20;5.63;3285.00;0.00;351440624#5_0;5.10;0.00;tripinfo_657 emissions_657 fcd_657;105.00;657;0;530.94;1.04;0.00;49.08;DEFAULT_VEHTYPE;;2;35.00;236255.807633;8036.132199;42.083356;100.366182;4.609823;0;101.559268
3391.00;337277957#3_0;107.35;7.53;3150.00;0.00;337277984#0_0;5.10;0.00;tripinfo_630 emissions_630 fcd_630;241.00;630;0;980.79;1.01;0.00;129.50;DEFAULT_VEHTYPE;;4;103.00;502494.168430;19812.655508;101.910450;216.888898;10.320688;0;216.008664
3419.00;492443336#1_0;100.99;7.28;3230.00;0.00;567060339#2_0;0.20;0.00;tripinfo_646 emissions_646 fcd_646;189.00;646;0;882.89;1.02;0.00;78.52;DEFAULT_VEHTYPE;;2;59.00;359748.630055;13126.655116;68.105024;153.279175;7.039752;0;154.645816
3427.00;337277984#0_0;50.00;11.18;3325.00;0.00;492471759#3_0;5.10;0.00;tripinfo_665 emissions_665 fcd_665;102.00;665;0;482.89;1.08;0.00;52.08;DEFAULT_VEHTYPE;;1;43.00;237967.999902;8940.381995;46.250888;101.990534;4.814184;0;102.295772
3431.00;49217119#0_0;0.20;8.24;3195.00;0.00;492471759#0_0;0.20;0.00;tripinfo_639 emissions_639 fcd_639;236.00;639;0;716.54;1.04;0.00;157.50;DEFAULT_VEHTYPE;;5;126.00;497046.855112;21766.571099;110.718068;217.727243;10.731127;0;213.668089
3434.00;49217119#1_0;35.72;9.24;3140.00;0.00;492471759#3_0;5.10;0.00;tripinfo_628 emissions_628 fcd_628;294.00;628;0;1069.02;1.12;0.00;185.11;DEFAULT_VEHTYPE;;6;147.00;651228.167707;26942.686600;137.913143;284.295057;13.933467;0;279.945663
3435.00;42143918#3_1;26.32;7.42;3135.00;0.00;554582106#1_0;5.10;0.00;tripinfo_627 emissions_627 fcd_627;300.00;627;0;962.99;0.77;0.00;168.66;DEFAULT_VEHTYPE;;5;133.00;593214.993390;26725.507002;135.453838;258.277965;12.494889;0;255.009452
3440.00;492471758#1_0;49.39;5.80;3295.00;0.00;337277973#0_0;1.31;0.00;tripinfo_659 emissions_659 fcd_659;145.00;659;0;635.63;1.08;0.00;74.32;DEFAULT_VEHTYPE;;2;59.00;307641.298561;12206.656926;62.751473;132.753635;6.357229;0;132.246717
3442.00;49217109#2_0;23.27;5.59;3235.00;0.00;42143912#2_0;5.10;0.00;tripinfo_647 emissions_647 fcd_647;207.00;647;0;621.69;1.04;0.00;132.25;DEFAULT_VEHTYPE;;4;107.00;416163.893011;18211.463774;92.631122;182.195714;8.942154;0;178.898549
3445.00;337277984#0_0;50.00;10.86;3315.00;0.00;42141326#9_0;5.10;0.00;tripinfo_663 emissions_663 fcd_663;130.00;663;0;454.02;0.98;0.00;84.36;DEFAULT_VEHTYPE;;3;63.00;282252.535896;10825.683899;55.899597;122.654378;5.934073;0;121.332275
3449.00;42143918#6_1;100.35;9.56;3355.00;0.00;492471759#3_0;5.10;0.00;tripinfo_671 emissions_671 fcd_671;94.00;671;0;427.36;0.94;0.00;42.26;DEFAULT_VEHTYPE;;1;32.00;191616.159525;7030.291246;36.454728;81.710912;3.770761;0;82.370405
3461.00;49217104#1_1;20.12;6.21;3395.00;0.00;553352498#2_0;5.10;0.00;tripinfo_679 emissions_679 fcd_679;66.00;679;0;421.12;0.85;0.00;7.69;DEFAULT_VEHTYPE;;0;0.00;109022.152992;2625.836266;14.447738;44.328857;1.762710;0;46.864938
3468.00;49217109#3_0;74.65;3.98;3190.00;0.00;42141326#2_0;5.10;0.00;tripinfo_638 emissions_638 fcd_638;278.00;638;0;1220.39;0.87;0.00;120.54;DEFAULT_VEHTYPE;;4;90.00;511860.381247;19644.831279;101.278851;217.982073;10.009316;0;220.035224
3477.00;42141326#12_0;100.79;11.10;3350.00;0.00;45429543#2_0;5.10;0.00;tripinfo_670 emissions_670 fcd_670;127.00;670;0;651.71;1.09;0.00;66.06;DEFAULT_VEHTYPE;;2;48.00;281236.210542;9763.684232;51.024090;120.170991;5.644070;0;120.894953
3479.00;337277981#1_1;45.91;8.54;3385.00;0.00;492471759#2_0;5.10;0.00;tripinfo_677 emissions_677 fcd_677;94.00;677;0;525.90;1.13;0.00;36.48;DEFAULT_VEHTYPE;;1;26.00;202777.698804;6518.035308;34.395243;85.954685;3.915779;0;87.167765
3479.00;542428845#0_0;99.31;9.12;3400.00;0.00;337277973#0_0;1.31;0.00;tripinfo_680 emissions_680 fcd_680;79.00;680;0;301.90;1.11;0.00;45.84;DEFAULT_VEHTYPE;;1;36.00;176440.851414;6987.935685;35.927425;76.240983;3.638166;0;75.847160
3481.00;492471759#2_0;68.11;7.01;3245.00;0.00;42141326#9_0;5.10;0.00;tripinfo_649 emissions_649 fcd_649;236.00;649;0;839.65;0.98;0.00;141.09;DEFAULT_VEHTYPE;;5;112.00;470071.598626;19545.136757;99.934612;203.933325;9.804246;0;202.071707
3492.00;42143918#10_0;7.92;9.46;3265.00;0.00;49217116#1_0;5.10;0.00;tripinfo_653 emissions_653 fcd_653;227.00;653;0;1010.08;0.88;0.00;113.23;DEFAULT_VEHTYPE;;3;92.00;468433.919046;17749.062552;91.694696;200.256724;9.353402;0;201.366897
3493.00;40668087#6_0;8.80;8.18;3370.00;0.00;42143918#5_0;5.10;0.00;tripinfo_674 emissions_674 fcd_674;123.00;674;0;711.42;1.08;0.00;47.46;DEFAULT_VEHTYPE;;2;34.00;243745.648738;7591.385046;40.215177;102.232245;4.555059;0;104.778636
3503.00;42143918#3_0;26.32;10.85;3425.00;0.00;351440624#4_0;0.20;0.00;tripinfo_685 emissions_685 fcd_685;78.00;685;0;766.75;1.07;0.00;7.46;DEFAULT_VEHTYPE;;0;0.00;177220.452862;2549.499028;15.681918;69.061610;2.609605;0;76.180141
3511.00;40668087#6_0;8.80;10.22;3340.00;0.00;42143918#2_0;5.10;0.00;tripinfo_668 emissions_668 fcd_668;171.00;668;0;853.42;1.24;0.00;95.07;DEFAULT_VEHTYPE;;3;73.00;401487.212897;13790.817832;72.197622;172.349488;8.182484;0;172.586911
3515.00;492471759#7_0;173.79;8.79;3380.00;0.00;567060339#2_0;0.20;0.00;tripinfo_676 emissions_676 fcd_676;135.00;676;0;1062.97;1.16;0.00;39.09;DEFAULT_VEHTYPE;;2;16.00;311366.331041;6557.605444;37.101811;127.338940;5.412220;0;133.844653
3516.00;45429543#3_0;92.24;7.97;3260.00;0.00;49222369#0_0;5.10;0.00;tripinfo_652 emissions_652 fcd_652;256.00;652;0;1316.48;0.99;0.00;81.29;DEFAULT_VEHTYPE;;3;50.00;473744.038096;14972.038123;79.064825;197.022406;8.488065;0;203.648427
3521.00;42143918#3_1;26.32;11.40;3345.00;0.00;492471410#1_0;0.20;0.00;tripinfo_669 emissions_669 fcd_669;176.00;669;0;859.78;1.06;0.00;86.30;DEFAULT_VEHTYPE;;2;67.00;372795.642734;13551.059666;70.366859;158.784486;7.380116;0;160.254249
3526.00;49217109#0_0;0.20;5.23;3220.00;0.00;42141326#2_0;5.10;0.00;tripinfo_644 emissions_644 fcd_644;306.00;644;0;1110.48;1.04;0.00;192.66;DEFAULT_VEHTYPE;;6;155.00;673561.745062;27365.386073;140.337669;292.817864;14.217190;0;289.546139
3527.00;40668087#6_0;8.80;7.34;3422.00;17.00;542428845#1_0;0.20;0.00;tripinfo_681 emissions_681 fcd_681;105.00;681;0;328.64;0.93;0.00;61.17;DEFAULT_VEHTYPE;;2;46.00;191831.310624;8391.972854;42.667954;83.542554;4.034929;0;82.463647
3540.00;337277981#2_0;15.40;9.40;3415.00;0.00;554582106#2_0;5.10;0.00;tripinfo_683 emissions_683 fcd_683;125.00;683;0;801.71;1.24;0.00;54.14;DEFAULT_VEHTYPE;;1;28.00;268152.036690;7419.370909;40.011373;111.803053;4.926386;0;115.269523
3566.00;337277951#3_1;0.92;7.68;3448.00;3.00;42141326#9_0;5.10;0.00;tripinfo_689 emissions_689 fcd_689;118.00;689;0;652.01;0.96;0.00;43.81;DEFAULT_VEHTYPE;;1;29.00;243270.986921;7896.233315;41.595573;102.763602;4.629071;0;104.574720
3579.00;42201285#1_0;31.78;7.59;3435.00;0.00;337277957#2_0;5.10;0.00;tripinfo_687 emissions_687 fcd_687;144.00;687;0;670.63;0.93;0.00;60.74;DEFAULT_VEHTYPE;;2;44.00;292944.510296;10619.350831;55.143197;125.007553;5.743922;0;125.928515
3580.00;40668087#4_0;102.89;8.98;3410.00;0.00;492471412#1_0;5.10;0.00;tripinfo_682 emissions_682 fcd_682;170.00;682;0;821.21;1.17;0.00;87.52;DEFAULT_VEHTYPE;;3;66.00;384338.699653;13580.972162;70.804587;164.562987;7.727066;0;165.215756
3581.00;42143918#0_0;102.82;10.77;3185.00;0.00;42141326#0_0;5.10;0.00;tripinfo_637 emissions_637 fcd_637;396.00;637;0;1394.72;1.06;0.00;273.36;DEFAULT_VEHTYPE;;8;226.00;903565.172859;38611.124365;196.989005;395.660126;19.670712;0;388.419265
3581.00;45429543#3_0;92.24;7.60;3375.00;0.00;42143912#0_0;5.10;0.00;tripinfo_675 emissions_675 fcd_675;206.00;675;0;696.76;1.04;0.00;131.12;DEFAULT_VEHTYPE;;4;106.00;428476.558167;18498.115043;94.243227;187.609860;9.249193;0;184.191205
3591.00;42143918#1_0;101.96;9.34;3535.00;0.00;351440624#7_0;5.10;0.00;tripinfo_707 emissions_707 fcd_707;56.00;707;0;435.45;0.91;0.00;7.16;DEFAULT_VEHTYPE;;0;0.00;104202.869538;2175.180439;12.306308;42.394046;1.722245;0;44.792970
